ride_date,num_rides,avg_duration_min,temp_f,max_temp_f,min_temp_f,wind_speed_knots,precip_in,month,day_of_week_Monday,day_of_week_Saturday,day_of_week_Sunday,day_of_week_Thursday,day_of_week_Tuesday,day_of_week_Wednesday,days_since_launch,temp_f_squared
2013-07-01,16650,16.30998798798799,74.8,78.1,73.4,7.8,0.0,7,1,0,0,0,0,0,0,5595.04
2013-07-02,22745,15.96882611562981,76.1,82.9,73.0,8.0,0.73,7,0,0,0,0,1,0,1,5791.209999999999
2013-07-03,21864,16.238808086351995,78.5,84.9,73.9,8.8,0.06,7,0,0,0,0,0,1,2,6162.25
2013-07-04,22326,21.218473976529605,82.0,91.0,73.9,8.6,0.96,7,0,0,0,1,0,0,3,6724.0
2013-07-05,21842,18.040443488081063,84.4,93.0,75.9,9.0,0.0,7,0,0,0,0,0,0,4,7123.360000000001
2013-07-06,20467,19.326261787267303,87.0,95.0,77.0,9.3,0.0,7,0,1,0,0,0,0,5,7569.0
2013-07-07,20477,18.63832348488548,88.8,98.1,79.0,8.8,0.0,7,0,0,1,0,0,0,6,7885.44
2013-07-08,21615,21.49216439201172,83.7,98.1,75.0,8.9,0.0,7,1,0,0,0,0,0,7,7005.6900000000005
2013-07-09,26641,16.098854522477883,82.6,91.0,75.0,6.0,0.0,7,0,0,0,0,1,0,8,6822.759999999999
2013-07-10,25732,15.531954375874395,82.0,91.0,75.0,8.7,0.08,7,0,0,0,0,0,1,9,6724.0
2013-07-11,24417,16.828634421373085,82.3,91.0,75.0,7.6,0.02,7,0,0,0,1,0,0,10,6773.29
2013-07-12,19006,15.635127503595358,75.4,86.0,72.0,9.1,0.0,7,0,0,0,0,0,0,11,5685.160000000001
2013-07-13,26119,18.61566101305564,71.4,78.1,68.0,10.5,0.23,7,0,1,0,0,0,0,12,5097.960000000001
2013-07-14,29287,19.36267115102264,80.2,93.9,69.1,6.0,0.01,7,0,0,1,0,0,0,13,6432.040000000001
2013-07-15,28069,15.318282328072488,87.2,93.9,72.0,7.8,0.0,7,1,0,0,0,0,0,14,7603.84
2013-07-16,29842,15.128550923753997,86.5,93.9,79.0,7.9,0.0,7,0,0,0,0,1,0,15,7482.25
2013-07-17,30550,14.669449536279323,87.4,97.0,78.1,4.0,0.0,7,0,0,0,0,0,1,16,7638.760000000001
2013-07-18,28869,14.380492338956438,89.3,100.0,78.1,6.3,0.0,7,0,0,0,1,0,0,17,7974.49
2013-07-19,26591,14.671052862497335,92.5,100.0,82.9,8.9,0.0,7,0,0,0,0,0,0,18,8556.25
2013-07-20,25278,17.94782155761268,89.2,100.0,82.9,11.3,0.0,7,0,1,0,0,0,0,19,7956.64
2013-07-21,30297,18.70789902190535,82.2,95.0,77.0,7.6,0.0,7,0,0,1,0,0,0,20,6756.84
2013-07-22,25979,14.700189255424252,77.1,87.1,75.0,8.3,0.0,7,1,0,0,0,0,0,21,5944.409999999999
2013-07-23,32376,15.737208117123792,80.0,91.0,75.0,7.4,0.58,7,0,0,0,0,1,0,22,6400.0
2013-07-24,35271,15.592202753914924,79.9,91.0,75.0,7.8,0.31,7,0,0,0,0,0,1,23,6384.010000000001
2013-07-25,31084,14.937073199502423,68.0,82.9,64.0,11.7,0.0,7,0,0,0,1,0,0,24,4624.0
2013-07-26,34534,15.667923881778346,71.5,84.0,64.0,8.6,0.02,7,0,0,0,0,0,0,25,5112.25
2013-07-27,32470,18.91439841905349,76.9,84.0,64.9,8.5,0.0,7,0,1,0,0,0,0,26,5913.610000000001
2013-07-28,23508,17.54357310986331,74.8,84.0,71.1,7.6,0.0,7,0,0,1,0,0,0,27,5595.04
2013-07-29,34915,15.69145162060242,77.3,89.1,71.1,5.7,0.13,7,1,0,0,0,0,0,28,5975.29
2013-07-30,37334,15.82817985393118,75.9,89.1,70.0,8.7,0.0,7,0,0,0,0,1,0,29,5760.810000000001
2013-07-31,37261,15.392547167279458,76.1,82.0,70.0,6.2,0.0,7,0,0,0,0,0,1,30,5791.209999999999
2013-08-01,20138,13.377141887641937,73.5,82.0,69.1,7.6,0.0,8,0,0,0,1,0,0,31,5402.25
2013-08-02,35792,16.090496479660267,75.5,86.0,69.1,7.3,0.5,8,0,0,0,0,0,0,32,5700.25
2013-08-03,29540,18.492146806589936,76.4,86.0,70.0,8.1,0.0,8,0,1,0,0,0,0,33,5836.960000000001
2013-08-04,35253,19.719960003403965,74.6,81.0,70.0,8.7,0.01,8,0,0,1,0,0,0,34,5565.159999999999
2013-08-05,36776,16.118436842868537,71.5,81.0,64.0,9.4,0.0,8,1,0,0,0,0,0,35,5112.25
2013-08-06,37702,16.159205081958515,73.9,82.0,64.0,6.3,0.0,8,0,0,0,0,1,0,36,5461.210000000001
2013-08-07,34396,14.686894793968293,74.4,82.0,66.9,9.5,0.0,8,0,0,0,0,0,1,37,5535.360000000001
2013-08-08,28366,14.319887071376526,75.0,82.0,71.1,9.1,0.16,8,0,0,0,1,0,0,38,5625.0
2013-08-09,29017,15.138192553790308,78.2,89.1,71.1,9.2,0.08,8,0,0,0,0,0,0,39,6115.240000000001
2013-08-10,37201,20.443239877064237,78.3,89.1,72.0,8.9,0.04,8,0,1,0,0,0,0,40,6130.889999999999
2013-08-11,33060,19.430590340794517,74.8,84.0,66.9,5.7,0.0,8,0,0,1,0,0,0,41,5595.04
2013-08-12,31457,15.305080480232276,74.8,82.0,66.9,5.5,0.09,8,1,0,0,0,0,0,42,5595.04
2013-08-13,22437,15.649830636894414,74.0,82.0,70.0,5.3,0.01,8,0,0,0,0,1,0,43,5476.0
2013-08-14,38150,15.555132372214942,69.5,78.1,62.1,12.4,0.73,8,0,0,0,0,0,1,44,4830.25
2013-08-15,37386,15.298375060182954,69.8,78.1,62.1,8.2,0.0,8,0,0,0,1,0,0,45,4872.04
2013-08-16,35991,16.389049114130387,72.6,81.0,63.0,3.7,0.0,8,0,0,0,0,0,0,46,5270.759999999999
2013-08-17,37285,20.10424612221179,73.6,81.0,66.9,5.2,0.0,8,0,1,0,0,0,0,47,5416.959999999999
2013-08-18,27612,16.943679680332224,72.5,81.0,68.0,5.2,0.0,8,0,0,1,0,0,0,48,5256.25
2013-08-19,33127,14.89228172387076,73.5,80.1,68.0,5.5,0.0,8,1,0,0,0,0,0,49,5402.25
2013-08-20,35843,14.97470914822978,77.5,89.1,68.0,4.5,0.0,8,0,0,0,0,1,0,50,6006.25
2013-08-21,36315,15.09489329478177,81.1,90.0,70.0,4.5,0.0,8,0,0,0,0,0,1,51,6577.209999999999
2013-08-22,26629,14.405246786085346,77.5,90.0,73.0,5.8,0.0,8,0,0,0,1,0,0,52,6006.25
2013-08-23,33503,15.74394830313703,76.2,81.0,72.0,9.0,0.24,8,0,0,0,0,0,0,53,5806.4400000000005
2013-08-24,32941,18.07967173633668,71.5,81.0,64.0,8.9,0.0,8,0,1,0,0,0,0,54,5112.25
2013-08-25,31755,19.06320369495617,73.8,82.9,64.0,4.8,0.0,8,0,0,1,0,0,0,55,5446.44
2013-08-26,29979,15.474954134560855,75.3,84.0,66.9,9.1,0.0,8,1,0,0,0,0,0,56,5670.089999999999
2013-08-27,34208,15.067807725288432,78.3,86.0,70.0,10.6,0.01,8,0,0,0,0,1,0,57,6130.889999999999
2013-08-28,28185,14.159055644255222,78.0,86.0,73.0,3.2,0.1,8,0,0,0,0,0,1,58,6084.0
2013-08-29,34215,14.313135564323645,74.6,84.9,71.1,7.3,0.0,8,0,0,0,1,0,0,59,5565.159999999999
2013-08-30,32318,15.44415289725024,75.4,86.0,69.1,7.4,0.0,8,0,0,0,0,0,0,60,5685.160000000001
2013-08-31,25381,17.858579252196524,78.5,86.0,69.1,8.8,0.0,8,0,1,0,0,0,0,61,6162.25
2013-09-01,25235,18.3748913546001,79.6,86.0,73.0,8.0,0.0,9,0,0,1,0,0,0,62,6336.159999999999
2013-09-02,21416,16.858852415639404,76.9,80.6,71.6,4.8,0.0,9,1,0,0,0,0,0,63,5913.610000000001
2013-09-03,32411,14.437786553947731,76.2,82.0,72.0,6.7,0.99,9,0,0,0,0,1,0,64,5806.4400000000005
2013-09-04,36798,15.071607152562631,73.3,82.0,66.0,10.4,0.09,9,0,0,0,0,0,1,65,5372.889999999999
2013-09-05,35825,14.598231681786464,74.3,82.0,66.0,9.3,0.0,9,0,0,0,1,0,0,66,5520.49
2013-09-06,35868,14.809940150923753,64.8,77.0,57.0,7.5,0.0,9,0,0,0,0,0,0,67,4199.04
2013-09-07,34419,17.375818104341583,68.3,79.0,57.0,6.5,0.0,9,0,1,0,0,0,0,68,4664.889999999999
2013-09-08,33196,17.081960175924806,73.9,80.1,61.0,8.7,0.0,9,0,0,1,0,0,0,69,5461.210000000001
2013-09-09,35394,15.262479987191806,65.9,80.1,57.9,7.7,0.0,9,1,0,0,0,0,0,70,4342.81
2013-09-10,36954,14.481477873392146,74.8,88.0,57.9,8.8,0.0,9,0,0,0,0,1,0,71,5595.04
2013-09-11,35812,14.029129900591975,83.6,93.9,69.1,7.5,0.0,9,0,0,0,0,0,1,72,6988.959999999999
2013-09-12,31252,13.678643500149322,80.6,88.0,71.1,8.4,0.0,9,0,0,0,1,0,0,73,6496.359999999999
2013-09-13,36501,14.655901208186078,71.3,86.0,68.0,9.4,1.3,9,0,0,0,0,0,0,74,5083.69
2013-09-14,31607,16.690705118064567,61.6,77.0,55.9,10.8,0.03,9,0,1,0,0,0,0,75,3794.5600000000004
2013-09-15,31914,17.268670489440364,61.5,73.0,54.0,6.9,0.0,9,0,0,1,0,0,0,76,3782.25
2013-09-16,31287,13.804180650110272,65.8,73.0,54.0,6.9,0.0,9,1,0,0,0,0,0,77,4329.639999999999
2013-09-17,38283,13.883002028750797,58.2,72.0,48.9,10.1,0.02,9,0,0,0,0,1,0,78,3387.2400000000002
2013-09-18,37957,13.932727384496486,61.8,71.1,48.9,5.0,0.0,9,0,0,0,0,0,1,79,3819.24
2013-09-19,39200,14.114456207482997,65.0,77.0,55.0,5.4,0.0,9,0,0,0,1,0,0,80,4225.0
2013-09-20,39382,14.811446853892637,68.1,78.1,57.0,5.8,0.0,9,0,0,0,0,0,0,81,4637.61
2013-09-21,31826,17.04590691049247,67.4,78.1,61.0,9.4,0.0,9,0,1,0,0,0,0,82,4542.760000000001
2013-09-22,29758,16.50093868315523,66.3,75.9,61.0,12.9,0.98,9,0,0,1,0,0,0,83,4395.69
2013-09-23,35152,13.871636037778783,58.5,68.0,52.0,10.6,0.53,9,1,0,0,0,0,0,84,3422.25
2013-09-24,38417,13.78467952555726,59.1,73.0,50.0,8.0,0.0,9,0,0,0,0,1,0,85,3492.81
2013-09-25,38223,13.994420898411953,64.1,73.0,50.0,5.4,0.0,9,0,0,0,0,0,1,86,4108.8099999999995
2013-09-26,38189,13.785808304311011,63.9,72.0,55.0,6.2,0.0,9,0,0,0,1,0,0,87,4083.21
2013-09-27,37412,14.23019040236644,61.5,69.1,57.0,6.4,0.0,9,0,0,0,0,0,0,88,3782.25
2013-09-28,34931,17.024874753084653,64.4,73.0,57.0,7.3,0.0,9,0,1,0,0,0,0,89,4147.360000000001
2013-09-29,32592,16.523521109474725,64.6,73.0,57.9,4.9,0.0,9,0,0,1,0,0,0,90,4173.159999999999
2013-09-30,37148,13.72839722192312,63.9,73.0,57.9,4.1,0.0,9,1,0,0,0,0,0,91,4083.21
2013-10-01,40575,13.706243992606288,68.9,81.0,57.9,5.5,0.0,10,0,0,0,0,1,0,92,4747.210000000001
2013-10-02,41383,13.913752023777876,73.9,84.0,62.1,6.0,0.0,10,0,0,0,0,0,1,93,5461.210000000001
2013-10-03,40456,13.72464240986092,72.6,84.0,64.9,4.3,0.0,10,0,0,0,1,0,0,94,5270.759999999999
2013-10-04,40195,14.673060082099765,74.0,86.0,64.9,4.9,0.0,10,0,0,0,0,0,0,95,5476.0
2013-10-05,34181,16.75914006806901,68.3,86.0,64.0,6.7,0.03,10,0,1,0,0,0,0,96,4664.889999999999
2013-10-06,26574,14.68550901884047,66.5,73.0,64.0,7.6,0.01,10,0,0,1,0,0,0,97,4422.25
2013-10-07,25016,12.651673595565502,70.7,77.0,64.0,11.8,0.33,10,1,0,0,0,0,0,98,4998.490000000001
2013-10-08,38365,13.77967896085842,61.6,77.0,55.9,10.2,0.0,10,0,0,0,0,1,0,99,3794.5600000000004
2013-10-09,36969,12.8412223755038,59.7,66.0,54.0,12.3,0.0,10,0,0,0,0,0,1,100,3564.09
2013-10-10,31171,12.400746420283816,59.1,66.0,54.0,13.2,0.0,10,0,0,0,1,0,0,101,3492.81
2013-10-11,33357,13.342567277233162,63.7,69.1,54.0,16.4,0.0,10,0,0,0,0,0,0,102,4057.6900000000005
2013-10-12,32457,16.876973636914478,65.7,72.0,60.1,15.5,0.0,10,0,1,0,0,0,0,103,4316.490000000001
2013-10-13,28832,15.950881543655202,60.9,72.0,57.0,15.0,0.0,10,0,0,1,0,0,0,104,3708.81
2013-10-14,33018,13.908640741413771,58.0,64.9,53.1,6.6,0.0,10,1,0,0,0,0,0,105,3364.0
2013-10-15,37534,13.481594465462427,60.4,70.0,53.1,4.7,0.0,10,0,0,0,0,1,0,106,3648.16
2013-10-16,36911,13.33735246042282,60.1,70.0,55.9,5.6,0.0,10,0,0,0,0,0,1,107,3612.01
2013-10-17,36888,13.387314302754286,64.7,73.0,57.0,6.7,0.0,10,0,0,0,1,0,0,108,4186.09
2013-10-18,38122,13.878873091653112,64.2,73.0,57.9,11.5,0.01,10,0,0,0,0,0,0,109,4121.64
2013-10-19,29548,15.613899417896304,59.4,69.1,54.0,5.9,0.0,10,0,1,0,0,0,0,110,3528.3599999999997
2013-10-20,29256,15.908528165162702,58.4,64.0,51.1,10.4,0.0,10,0,0,1,0,0,0,111,3410.56
2013-10-21,35012,13.790265718420354,59.3,66.9,51.1,7.3,0.0,10,1,0,0,0,0,0,112,3516.49
2013-10-22,36338,12.581991762525911,59.6,68.0,52.0,7.6,0.0,10,0,0,0,0,1,0,113,3552.1600000000003
2013-10-23,32365,12.02263041351254,52.8,68.0,50.0,7.8,0.0,10,0,0,0,0,0,1,114,2787.8399999999997
2013-10-24,32251,12.11527549533348,48.4,55.0,43.0,11.8,0.0,10,0,0,0,1,0,0,115,2342.56
2013-10-25,30979,12.511262468123569,47.4,55.0,42.1,13.0,0.0,10,0,0,0,0,0,0,116,2246.7599999999998
2013-10-26,24569,14.574459006607242,49.5,55.9,42.1,10.1,0.0,10,0,1,0,0,0,0,117,2450.25
2013-10-27,23965,14.660169691911811,53.0,59.0,43.0,10.3,0.0,10,0,0,1,0,0,0,118,2809.0
2013-10-28,31498,12.784571507185635,53.0,61.0,44.1,7.7,0.0,10,1,0,0,0,0,0,119,2809.0
2013-10-29,33414,12.575373097105008,50.5,61.0,44.1,8.0,0.0,10,0,0,0,0,1,0,120,2550.25
2013-10-30,35069,12.160374784947768,52.9,60.1,44.1,4.5,0.0,10,0,0,0,0,0,1,121,2798.41
2013-10-31,31444,12.92803873552983,59.3,66.9,48.0,6.2,0.0,10,0,0,0,1,0,0,122,3516.49
2013-11-01,30384,13.633155059680536,65.9,70.0,53.1,12.1,0.05,11,0,0,0,0,0,0,123,4342.81
2013-11-02,31013,16.587990520104483,61.5,70.0,55.0,5.7,0.05,11,0,1,0,0,0,0,124,3782.25
2013-11-03,20798,13.263860307080806,50.9,68.0,42.1,11.2,0.01,11,0,0,1,0,0,0,125,2590.81
2013-11-04,27142,12.36759634514774,39.5,55.9,34.0,10.3,0.0,11,1,0,0,0,0,0,126,1560.25
2013-11-05,31493,12.214110013865517,46.8,55.0,34.0,6.7,0.0,11,0,0,0,0,1,0,127,2190.24
2013-11-06,34826,13.00569832883478,53.2,61.0,42.1,5.9,0.0,11,0,0,0,0,0,1,128,2830.2400000000002
2013-11-07,25719,11.869835530152802,58.3,63.0,46.9,9.2,0.0,11,0,0,0,1,0,0,129,3398.89
2013-11-08,28686,12.60913047014804,46.0,63.0,41.0,14.2,0.08,11,0,0,0,0,0,0,130,2116.0
2013-11-09,21734,14.408419220269318,44.3,50.0,39.9,10.3,0.0,11,0,1,0,0,0,0,131,1962.4899999999998
2013-11-10,19712,13.913954274891772,50.1,60.1,39.9,11.0,0.0,11,0,0,1,0,0,0,132,2510.01
2013-11-11,27295,12.653236856567135,48.6,60.1,44.1,13.6,0.0,11,1,0,0,0,0,0,133,2361.96
2013-11-12,19925,11.081814303638646,43.9,53.1,34.0,13.4,0.02,11,0,0,0,0,1,0,134,1927.2099999999998
2013-11-13,23633,11.125149861069977,34.0,52.0,30.0,13.4,0.01,11,0,0,0,0,0,1,135,1156.0
2013-11-14,27040,13.02782729289941,41.0,53.1,30.0,11.6,0.0,11,0,0,0,1,0,0,136,1681.0
2013-11-15,29051,12.719770403772676,49.1,57.0,34.0,6.2,0.0,11,0,0,0,0,0,0,137,2410.81
2013-11-16,25194,15.311708475562966,51.9,59.0,43.0,5.5,0.03,11,0,1,0,0,0,0,138,2693.6099999999997
2013-11-17,17995,13.46792627581736,52.6,60.8,48.2,4.5,0.02,11,0,0,1,0,0,0,139,2766.76
2013-11-18,30615,13.219170885731398,60.3,64.9,48.9,11.4,0.25,11,1,0,0,0,0,0,140,3636.0899999999997
2013-11-19,27417,11.477858019963287,48.3,64.9,41.0,16.8,0.23,11,0,0,0,0,1,0,141,2332.89
2013-11-20,26229,11.413486344631265,38.0,51.1,32.0,9.0,0.0,11,0,0,0,0,0,1,142,1444.0
2013-11-21,28752,11.772228598590248,41.6,52.0,32.0,6.4,0.0,11,0,0,0,1,0,0,143,1730.5600000000002
2013-11-22,25448,12.094384627475634,52.4,57.0,36.0,6.4,0.0,11,0,0,0,0,0,0,144,2745.7599999999998
2013-11-23,18996,14.306489962799184,47.4,57.0,39.9,12.8,0.07,11,0,1,0,0,0,0,145,2246.7599999999998
2013-11-24,9392,11.097677101078936,29.4,55.0,24.1,22.2,0.02,11,0,0,1,0,0,0,146,864.3599999999999
2013-11-25,19116,11.017526330473595,27.9,35.1,24.1,11.9,0.0,11,1,0,0,0,0,0,147,778.41
2013-11-26,14999,13.040990510478476,36.0,39.9,24.1,7.0,0.0,11,0,0,0,0,1,0,148,1296.0
2013-11-27,7976,11.025576730190574,48.0,60.1,34.0,13.7,1.91,11,0,0,0,0,0,1,149,2304.0
2013-11-28,5204,13.905294004611832,34.1,39.2,30.9,17.9,0.3,11,0,0,0,1,0,0,150,1162.8100000000002
2013-11-29,10127,13.154390902208618,34.1,39.0,30.9,7.2,0.0,11,0,0,0,0,0,0,151,1162.8100000000002
2013-11-30,9863,13.679970597181386,31.3,39.0,25.0,7.2,0.0,11,0,1,0,0,0,0,152,979.69
2013-12-01,13326,13.558320826454548,41.1,48.9,25.0,3.2,0.0,12,0,0,1,0,0,0,153,1689.21
2013-12-02,24576,12.382666693793404,44.2,48.9,37.0,4.5,0.0,12,1,0,0,0,0,0,154,1953.6400000000003
2013-12-03,27431,12.168702684310936,44.0,53.1,37.9,4.0,0.0,12,0,0,0,0,1,0,155,1936.0
2013-12-04,28199,12.269936286156716,43.8,53.1,37.9,4.3,0.0,12,0,0,0,0,0,1,156,1918.4399999999998
2013-12-05,26988,12.383790326564895,48.6,57.9,39.0,5.3,0.01,12,0,0,0,1,0,0,157,2361.96
2013-12-06,10736,11.621933991554894,50.5,57.9,42.8,7.1,0.05,12,0,0,0,0,0,0,158,2550.25
2013-12-07,15545,12.23048461455988,38.2,43.0,35.6,10.7,0.81,12,0,1,0,0,0,0,159,1459.2400000000002
2013-12-08,10090,12.17248265609514,32.1,37.9,28.4,8.7,0.13,12,0,0,1,0,0,0,160,1030.41
2013-12-09,14824,10.718746627091203,34.5,39.2,28.9,10.9,0.19,12,1,0,0,0,0,0,161,1190.25
2013-12-10,12850,11.553900129701686,36.0,39.0,32.0,8.5,0.07,12,0,0,0,0,1,0,162,1296.0
2013-12-11,18766,11.960985292550356,30.7,39.0,27.0,13.2,0.22,12,0,0,0,0,0,1,163,942.49
2013-12-12,17214,11.461365748809106,27.6,34.0,23.0,12.5,0.0,12,0,0,0,1,0,0,164,761.7600000000001
2013-12-13,17888,12.05667672927847,28.2,35.1,23.0,13.0,0.0,12,0,0,0,0,0,0,165,795.24
2013-12-14,3701,12.055358912005763,28.6,35.1,24.1,12.0,0.0,12,0,1,0,0,0,0,166,817.96
2013-12-15,7462,15.2261458054141,33.7,39.0,24.1,14.2,1.21,12,0,0,1,0,0,0,167,1135.6900000000003
2013-12-16,15562,11.222348241442834,31.0,39.0,26.1,12.0,0.77,12,1,0,0,0,0,0,168,961.0
2013-12-17,7863,12.223945483064144,27.2,34.0,24.1,7.3,0.0,12,0,0,0,0,1,0,169,739.8399999999999
2013-12-18,14924,11.485891852050392,28.6,37.0,24.1,9.4,0.16,12,0,0,0,0,0,1,170,817.96
2013-12-19,18766,11.242665814060889,36.6,45.0,24.1,9.6,0.0,12,0,0,0,1,0,0,171,1339.5600000000002
2013-12-20,22066,14.084528233481374,45.2,52.0,30.9,5.4,0.0,12,0,0,0,0,0,0,172,2043.0400000000002
2013-12-21,17940,14.476455778520991,53.6,60.1,37.9,6.6,0.0,12,0,1,0,0,0,0,173,2872.96
2013-12-22,15063,15.070312465422996,58.4,69.1,50.0,9.0,0.01,12,0,0,1,0,0,0,174,3410.56
2013-12-23,6956,11.88599051178838,58.5,69.1,50.0,6.2,0.09,12,1,0,0,0,0,0,175,3422.25
2013-12-24,11025,12.73603476946334,39.2,62.1,34.0,10.7,0.44,12,0,0,0,0,1,0,176,1536.6400000000003
2013-12-25,3260,13.754074642126792,25.6,42.1,19.0,10.3,0.0,12,0,0,0,0,0,1,177,655.3600000000001
2013-12-26,9763,11.9350711871351,31.7,36.0,19.0,6.2,0.0,12,0,0,0,1,0,0,178,1004.89
2013-12-27,11720,12.436033845278724,35.6,39.9,30.0,10.3,0.0,12,0,0,0,0,0,0,179,1267.3600000000001
2013-12-28,12022,16.25609438252093,42.4,55.0,32.0,9.3,0.0,12,0,1,0,0,0,0,180,1797.76
2013-12-29,3775,12.156847682119205,45.2,55.0,36.0,7.1,0.0,12,0,0,1,0,0,0,181,2043.0400000000002
2013-12-30,13241,12.348442967550287,40.5,48.0,28.9,11.3,1.2,12,1,0,0,0,0,0,182,1640.25
2013-12-31,10424,13.23923317984139,26.0,44.1,21.0,9.9,0.0,12,0,0,0,0,1,0,183,676.0
2014-01-01,6059,15.37744402266601,28.9,33.1,21.0,9.4,0.0,1,0,0,0,0,0,1,184,835.2099999999999
2014-01-02,8600,12.980327519379845,28.9,33.1,25.0,14.2,0.01,1,0,0,0,1,0,0,185,835.2099999999999
2014-01-03,1144,13.388869463869463,16.6,32.0,10.9,16.7,0.3,1,0,0,0,0,0,0,186,275.56000000000006
2014-01-04,2292,20.398247527632336,15.8,27.0,9.0,6.8,0.25,1,0,1,0,0,0,0,187,249.64000000000001
2014-01-05,2678,13.737303958177744,29.1,35.6,26.1,4.8,0.0,1,0,0,1,0,0,0,188,846.8100000000001
2014-01-06,9510,12.805073606729758,44.7,53.1,25.0,11.2,0.17,1,1,0,0,0,0,0,189,1998.0900000000001
2014-01-07,6267,12.10168873996064,14.0,36.0,3.9,19.6,0.24,1,0,0,0,0,1,0,190,196.0
2014-01-08,9246,10.233461316605377,12.9,21.9,3.9,11.4,0.0,1,0,0,0,0,0,1,191,166.41
2014-01-09,13354,10.864896909789824,25.7,33.1,9.0,7.0,0.0,1,0,0,0,1,0,0,192,660.49
2014-01-10,9847,11.194096340679057,30.2,34.0,23.0,4.8,0.0,1,0,0,0,0,0,0,193,912.04
2014-01-11,7695,12.369558154645873,43.7,55.0,27.0,9.2,0.22,1,0,1,0,0,0,0,194,1909.6900000000003
2014-01-12,12515,12.06973498468504,47.6,55.9,34.0,13.6,0.45,1,0,0,1,0,0,0,195,2265.76
2014-01-13,20633,11.779531171747523,41.8,54.0,35.1,8.9,0.02,1,1,0,0,0,0,0,196,1747.2399999999998
2014-01-14,9999,11.116034936827011,45.8,50.0,35.1,6.6,0.02,1,0,0,0,0,1,0,197,2097.64
2014-01-15,21630,11.704905994760365,42.4,50.0,36.0,5.5,0.36,1,0,0,0,0,0,1,198,1797.76
2014-01-16,19953,11.388402746454169,39.1,41.0,37.0,5.9,0.0,1,0,0,0,1,0,0,199,1528.8100000000002
2014-01-17,20301,12.211397632300548,38.3,46.0,33.1,5.5,0.0,1,0,0,0,0,0,0,200,1466.8899999999999
2014-01-18,9438,14.084099738645191,37.5,46.0,32.0,7.7,0.0,1,0,1,0,0,0,0,201,1406.25
2014-01-19,9028,13.6058226259046,29.8,39.0,25.0,12.1,0.15,1,0,0,1,0,0,0,202,888.0400000000001
2014-01-20,13407,13.103310459710103,39.6,46.0,25.0,11.1,0.0,1,1,0,0,0,0,0,203,1568.16
2014-01-21,3804,14.296617595513498,25.7,46.0,14.0,12.5,0.0,1,0,0,0,0,1,0,204,660.49
2014-01-22,2451,16.576716986264117,12.6,32.0,7.0,16.6,0.25,1,0,0,0,0,0,1,205,158.76
2014-01-23,5071,15.401988430947211,13.5,21.0,7.0,11.9,0.0,1,0,0,0,1,0,0,206,182.25
2014-01-24,6176,13.034348013816926,15.7,21.0,8.1,12.8,0.0,1,0,0,0,0,0,0,207,246.48999999999998
2014-01-25,4338,11.466901029660365,22.0,27.0,10.9,12.6,0.0,1,0,1,0,0,0,0,208,484.0
2014-01-26,4980,11.962151941097725,21.9,27.0,18.0,12.7,0.02,1,0,0,1,0,0,0,209,479.60999999999996
2014-01-27,13119,10.53511192418121,33.7,44.1,18.0,9.4,0.0,1,1,0,0,0,0,0,210,1135.6900000000003
2014-01-28,10033,14.218656766005514,18.5,28.0,12.9,11.8,0.0,1,0,0,0,0,1,0,211,342.25
2014-01-29,10021,11.171130625686065,18.2,23.0,12.9,8.1,0.05,1,0,0,0,0,0,1,212,331.23999999999995
2014-01-30,12158,11.191953172122606,21.6,28.9,14.0,7.5,0.0,1,0,0,0,1,0,0,213,466.56000000000006
2014-01-31,14653,11.705812234127254,30.5,39.0,18.0,7.3,0.0,1,0,0,0,0,0,0,214,930.25
2014-02-01,12771,13.671289118575942,38.2,44.1,26.1,3.2,0.0,2,0,1,0,0,0,0,215,1459.2400000000002
2014-02-02,13816,13.738225004825324,40.3,55.0,30.0,3.3,0.0,2,0,0,1,0,0,0,216,1624.0899999999997
2014-02-03,2600,13.292378205128204,35.6,55.0,30.0,8.2,0.27,2,1,0,0,0,0,0,217,1267.3600000000001
2014-02-04,8709,12.54232977379722,29.6,42.1,25.0,6.2,0.81,2,0,0,0,0,1,0,218,876.1600000000001
2014-02-05,2746,15.422347657198348,31.5,36.0,25.0,9.0,0.74,2,0,0,0,0,0,1,219,992.25
2014-02-06,7196,17.34693348156383,28.4,34.0,21.9,8.6,0.44,2,0,0,0,1,0,0,220,806.56
2014-02-07,8495,17.482438689425152,28.5,33.1,21.9,8.9,0.0,2,0,0,0,0,0,0,221,812.25
2014-02-08,5986,17.377703530459964,26.8,33.1,21.9,8.0,0.0,2,0,1,0,0,0,0,222,718.24
2014-02-09,4996,17.122084334133973,26.1,28.9,21.0,6.5,0.0,2,0,0,1,0,0,0,223,681.21
2014-02-10,6846,14.40389765313078,25.9,28.9,21.0,12.4,0.1,2,1,0,0,0,0,0,224,670.81
2014-02-11,8343,16.45138639178553,22.6,28.9,18.0,11.3,0.0,2,0,0,0,0,1,0,225,510.76000000000005
2014-02-12,8580,14.081419968919969,19.0,26.1,14.0,9.2,0.0,2,0,0,0,0,0,1,226,361.0
2014-02-13,876,81.11008371385084,28.7,36.0,14.0,15.8,0.18,2,0,0,0,1,0,0,227,823.6899999999999
2014-02-14,3609,28.906183615036483,35.4,39.9,24.1,16.4,1.75,2,0,0,0,0,0,0,228,1253.1599999999999
2014-02-15,2261,18.350471767654437,34.5,39.0,30.2,9.7,0.25,2,0,1,0,0,0,0,229,1190.25
2014-02-16,3003,21.346797646797647,27.2,37.0,21.9,14.0,0.05,2,0,0,1,0,0,0,230,739.8399999999999
2014-02-17,4854,16.11834226067848,24.4,33.1,19.0,11.2,0.0,2,1,0,0,0,0,0,231,595.3599999999999
2014-02-18,5140,14.629364461738003,30.6,39.9,19.0,7.2,0.05,2,0,0,0,0,1,0,232,936.3600000000001
2014-02-19,8506,14.15800415393056,36.4,45.0,25.0,5.3,0.1,2,0,0,0,0,0,1,233,1324.9599999999998
2014-02-20,11792,13.573103233830846,42.5,50.0,28.0,8.1,0.25,2,0,0,0,1,0,0,234,1806.25
2014-02-21,8680,11.754621735791092,37.1,46.9,33.8,8.2,0.02,2,0,0,0,0,0,0,235,1376.41
2014-02-22,13044,16.471369978534188,45.5,55.0,34.0,9.4,0.11,2,0,1,0,0,0,0,236,2070.25
2014-02-23,13324,15.581533323326328,48.0,55.0,37.9,5.2,0.0,2,0,0,1,0,0,0,237,2304.0
2014-02-24,12922,12.587243976680597,40.0,54.0,33.1,13.2,0.0,2,1,0,0,0,0,0,238,1600.0
2014-02-25,12830,11.434589503767215,28.7,44.1,24.1,12.9,0.0,2,0,0,0,0,1,0,239,823.6899999999999
2014-02-26,11188,11.072612024788462,28.0,33.1,24.1,9.2,0.0,2,0,0,0,0,0,1,240,784.0
2014-02-27,12036,10.512638473468485,24.7,33.1,19.0,9.6,0.01,2,0,0,0,1,0,0,241,610.0899999999999
2014-02-28,9587,11.090424533222071,17.3,33.1,10.0,13.3,0.0,2,0,0,0,0,0,0,242,299.29
2014-03-01,9202,11.874632326305877,26.6,37.9,10.0,5.6,0.0,3,0,1,0,0,0,0,243,707.5600000000001
2014-03-02,8195,11.216150091519218,36.6,39.0,21.0,6.0,0.0,3,0,0,1,0,0,0,244,1339.5600000000002
2014-03-03,7708,11.456964625497315,25.9,39.0,19.9,10.6,0.01,3,1,0,0,0,0,0,245,670.81
2014-03-04,10398,10.333017567480924,20.3,32.0,12.9,6.4,0.0,3,0,0,0,0,1,0,246,412.09000000000003
2014-03-05,13801,10.518999830930126,30.6,37.0,12.9,5.1,0.0,3,0,0,0,0,0,1,247,936.3600000000001
2014-03-06,12773,10.194545786685453,24.2,37.0,16.0,10.2,0.0,3,0,0,0,1,0,0,248,585.64
2014-03-07,13304,11.046503557827217,29.2,36.0,16.0,10.2,0.0,3,0,0,0,0,0,0,249,852.64
2014-03-08,16350,15.866276248725788,41.6,55.9,26.1,7.3,0.0,3,0,1,0,0,0,0,250,1730.5600000000002
2014-03-09,12262,12.705340346871088,41.4,55.9,35.1,11.3,0.0,3,0,0,1,0,0,0,251,1713.9599999999998
2014-03-10,17231,11.22329328922678,41.9,51.1,35.1,8.7,0.0,3,1,0,0,0,0,0,252,1755.61
2014-03-11,24356,12.94828447473586,52.3,64.9,37.0,7.0,0.0,3,0,0,0,0,1,0,253,2735.2899999999995
2014-03-12,15101,10.971585766947,48.1,64.9,39.0,7.4,0.0,3,0,0,0,0,0,1,254,2313.61
2014-03-13,10979,10.652381819837872,28.8,54.0,19.0,20.9,0.35,3,0,0,0,1,0,0,255,829.44
2014-03-14,16299,10.919300775098677,29.7,44.1,19.0,12.9,0.0,3,0,0,0,0,0,0,256,882.0899999999999
2014-03-15,18053,14.778114440813164,47.9,57.9,39.0,11.1,0.0,3,0,1,0,0,0,0,257,2294.41
2014-03-16,9851,12.279863296450449,37.7,57.9,30.0,14.2,0.0,3,0,0,1,0,0,0,258,1421.2900000000002
2014-03-17,12503,10.62121357540857,28.3,33.1,23.0,9.3,0.0,3,1,0,0,0,0,0,259,800.89
2014-03-18,16679,11.34588504506665,32.1,41.0,23.0,9.4,0.0,3,0,0,0,0,1,0,260,1030.41
2014-03-19,13341,10.864158109087274,35.8,45.0,27.0,9.4,0.0,3,0,0,0,0,0,1,261,1281.6399999999999
2014-03-20,19695,11.9667022086824,45.3,53.1,30.9,11.4,0.99,3,0,0,0,1,0,0,262,2052.0899999999997
2014-03-21,20718,12.220391286160185,43.7,53.1,39.0,14.1,0.0,3,0,0,0,0,0,0,263,1909.6900000000003
2014-03-22,19880,16.057806002682764,48.4,63.0,37.0,9.7,0.0,3,0,1,0,0,0,0,264,2342.56
2014-03-23,11740,12.281138557637709,41.5,63.0,35.1,11.0,0.0,3,0,0,1,0,0,0,265,1722.25
2014-03-24,13598,10.486559297935974,28.1,42.1,21.9,12.8,0.0,3,1,0,0,0,0,0,266,789.6100000000001
2014-03-25,16037,10.424924653405666,31.6,37.9,21.9,7.5,0.0,3,0,0,0,0,1,0,267,998.5600000000001
2014-03-26,14500,10.198148275862073,33.4,37.9,26.1,16.8,0.0,3,0,0,0,0,0,1,268,1115.56
2014-03-27,16666,11.41353154126165,30.1,42.1,23.0,12.7,0.0,3,0,0,0,1,0,0,269,906.0100000000001
2014-03-28,18425,12.24441429217549,44.9,60.1,23.0,8.1,0.0,3,0,0,0,0,0,0,270,2016.0099999999998
2014-03-29,4480,11.066566220238096,48.3,60.1,37.9,6.7,0.03,3,0,1,0,0,0,0,271,2332.89
2014-03-30,7907,12.754502339698998,44.1,55.0,41.0,12.4,1.97,3,0,0,1,0,0,0,272,1944.8100000000002
2014-03-31,17085,11.82974539069359,42.1,53.1,35.6,15.2,0.29,3,1,0,0,0,0,0,273,1772.41
2014-04-01,23908,12.853388684401317,45.9,59.0,36.0,8.5,0.02,4,0,0,0,0,1,0,274,2106.81
2014-04-02,22515,12.002125249833446,45.6,59.0,39.0,5.7,0.0,4,0,0,0,0,0,1,275,2079.36
2014-04-03,26321,12.89166888289452,50.7,64.0,41.0,3.9,0.0,4,0,0,0,1,0,0,276,2570.4900000000002
2014-04-04,12566,10.684554883548202,44.7,51.1,39.2,9.8,0.09,4,0,0,0,0,0,0,277,1998.0900000000001
2014-04-05,18655,14.951773429822207,45.3,54.0,39.0,12.8,0.17,4,0,1,0,0,0,0,278,2052.0899999999997
2014-04-06,20750,16.594725301204825,44.9,59.0,37.0,9.7,0.0,4,0,0,1,0,0,0,279,2016.0099999999998
2014-04-07,14677,11.323832072857758,46.1,59.0,37.0,6.9,0.0,4,1,0,0,0,0,0,280,2125.21
2014-04-08,21884,12.14988347651252,51.0,64.9,41.0,10.7,0.99,4,0,0,0,0,1,0,281,2601.0
2014-04-09,26931,12.847673065735894,51.4,64.9,43.0,13.2,0.01,4,0,0,0,0,0,1,282,2641.96
2014-04-10,27463,12.728735025306774,49.8,59.0,42.1,10.4,0.0,4,0,0,0,1,0,0,283,2480.0399999999995
2014-04-11,26798,13.81016804736672,59.2,73.9,42.1,8.8,0.0,4,0,0,0,0,0,0,284,3504.6400000000003
2014-04-12,27108,17.63665400127884,58.8,73.9,48.9,6.6,0.0,4,0,1,0,0,0,0,285,3457.4399999999996
2014-04-13,26871,18.37864426333221,59.8,73.9,48.9,8.2,0.0,4,0,0,1,0,0,0,286,3576.0399999999995
2014-04-14,28832,14.8384821263411,61.7,73.9,50.0,10.5,0.0,4,1,0,0,0,0,0,287,3806.8900000000003
2014-04-15,10523,10.554770502708353,56.9,61.0,44.6,13.7,0.1,4,0,0,0,0,1,0,288,3237.6099999999997
2014-04-16,20082,11.889953689871524,38.9,46.9,32.0,14.1,0.82,4,0,0,0,0,0,1,289,1513.2099999999998
2014-04-17,22282,12.433921251832572,41.1,46.9,32.0,11.4,0.05,4,0,0,0,1,0,0,290,1689.21
2014-04-18,20770,12.430917188252282,39.9,46.9,35.1,7.1,0.0,4,0,0,0,0,0,0,291,1592.01
2014-04-19,24369,18.437031337628408,50.6,64.9,35.1,6.8,0.0,4,0,1,0,0,0,0,292,2560.36
2014-04-20,18464,16.713800729347202,51.6,64.9,42.1,9.2,0.0,4,0,0,1,0,0,0,293,2662.56
2014-04-21,27124,13.895182003637617,49.9,63.0,41.0,5.4,0.0,4,1,0,0,0,0,0,294,2490.0099999999998
2014-04-22,27259,12.705970505154257,56.4,66.0,41.0,7.7,0.0,4,0,0,0,0,1,0,295,3180.96
2014-04-23,26949,12.408973122070083,55.6,66.0,48.0,16.0,0.0,4,0,0,0,0,0,1,296,3091.36
2014-04-24,28107,13.015390590718797,49.4,62.1,43.0,17.9,0.0,4,0,0,0,1,0,0,297,2440.3599999999997
2014-04-25,27919,13.529182635481211,52.3,60.1,43.0,8.9,0.0,4,0,0,0,0,0,0,298,2735.2899999999995
2014-04-26,19899,16.160248421193693,52.0,64.0,44.6,8.2,0.7,4,0,1,0,0,0,0,299,2704.0
2014-04-27,21926,15.8199717230685,51.3,64.0,45.0,10.8,0.06,4,0,0,1,0,0,0,300,2631.6899999999996
2014-04-28,28557,13.442739666865098,53.7,64.0,46.0,7.3,0.0,4,1,0,0,0,0,0,301,2883.6900000000005
2014-04-29,18404,11.008666594218646,49.9,64.0,44.1,13.4,0.0,4,0,0,0,0,1,0,302,2490.0099999999998
2014-04-30,2867,9.49539588419951,44.5,51.1,42.1,14.1,0.55,4,0,0,0,0,0,1,303,1980.25
2014-05-01,26762,14.309317315596743,59.3,77.0,42.1,7.9,4.88,5,0,0,0,1,0,0,304,3516.49
2014-05-02,32377,14.010143002748864,62.8,77.0,48.9,7.6,0.01,5,0,0,0,0,0,0,305,3943.8399999999997
2014-05-03,25501,18.08919127354482,61.7,69.1,54.0,7.2,0.0,5,0,1,0,0,0,0,306,3806.8900000000003
2014-05-04,21277,15.436263727655843,58.7,69.1,54.0,12.2,0.03,5,0,0,1,0,0,0,307,3445.6900000000005
2014-05-05,30288,14.3967941098785,57.5,66.9,50.0,15.6,0.0,5,1,0,0,0,0,0,308,3306.25
2014-05-06,32233,14.29934745964281,59.2,68.0,50.0,8.6,0.0,5,0,0,0,0,1,0,309,3504.6400000000003
2014-05-07,32882,13.28873446465138,59.0,68.0,51.1,7.0,0.0,5,0,0,0,0,0,1,310,3481.0
2014-05-08,17619,12.222241141192274,55.6,68.0,51.1,6.7,0.32,5,0,0,0,1,0,0,311,3091.36
2014-05-09,22641,12.287202420387796,54.9,63.0,52.0,5.5,0.09,5,0,0,0,0,0,0,312,3014.0099999999998
2014-05-10,21832,15.364831440087944,65.4,82.0,52.0,7.1,0.02,5,0,1,0,0,0,0,313,4277.160000000001
2014-05-11,28326,18.77301654545882,69.3,82.0,55.0,9.8,0.93,5,0,0,1,0,0,0,314,4802.49
2014-05-12,31644,14.38998546327898,73.2,82.0,62.1,4.4,0.02,5,1,0,0,0,0,0,315,5358.240000000001
2014-05-13,32847,13.422771232278947,65.8,82.0,59.0,7.7,0.0,5,0,0,0,0,1,0,316,4329.639999999999
2014-05-14,30044,12.947753295167084,56.5,71.1,51.1,7.1,0.0,5,0,0,0,0,0,1,317,3192.25
2014-05-15,26057,12.978048764887236,60.7,75.0,51.1,8.5,0.14,5,0,0,0,1,0,0,318,3684.4900000000002
2014-05-16,17784,11.656169403208876,67.2,75.0,54.0,15.9,0.03,5,0,0,0,0,0,0,319,4515.84
2014-05-17,29912,17.701291566372472,62.2,71.1,54.0,9.8,1.58,5,0,1,0,0,0,0,320,3868.84
2014-05-18,27436,17.056795208242214,60.4,70.0,53.1,7.6,0.0,5,0,0,1,0,0,0,321,3648.16
2014-05-19,31692,13.411918885943876,60.4,70.0,53.1,10.5,0.0,5,1,0,0,0,0,0,322,3648.16
2014-05-20,35567,14.053607745007076,65.5,77.0,53.1,8.9,0.0,5,0,0,0,0,1,0,323,4290.25
2014-05-21,34420,13.388106236684097,69.7,77.0,57.0,6.7,0.0,5,0,0,0,0,0,1,324,4858.09
2014-05-22,24535,12.212325249643373,62.9,75.0,57.9,6.2,0.27,5,0,0,0,1,0,0,325,3956.41
2014-05-23,24484,12.904456651963187,60.3,68.0,57.0,6.0,0.01,5,0,0,0,0,0,0,326,3636.0899999999997
2014-05-24,16798,15.95724391792674,60.2,68.0,57.0,6.2,1.09,5,0,1,0,0,0,0,327,3624.0400000000004
2014-05-25,25637,20.052994370116117,65.5,81.0,55.9,5.4,0.02,5,0,0,1,0,0,0,328,4290.25
2014-05-26,26930,19.528184800099023,75.2,87.1,55.9,7.2,0.0,5,1,0,0,0,0,0,329,5655.040000000001
2014-05-27,32936,14.42007630961056,79.5,87.1,66.0,7.6,0.0,5,0,0,0,0,1,0,330,6320.25
2014-05-28,29690,12.473383294038394,61.3,86.0,54.0,11.7,0.0,5,0,0,0,0,0,1,331,3757.6899999999996
2014-05-29,33889,13.32472631237275,55.6,63.0,51.1,9.8,0.0,5,0,0,0,1,0,0,332,3091.36
2014-05-30,34343,14.14182997020256,63.2,75.9,51.1,4.1,0.0,5,0,0,0,0,0,0,333,3994.2400000000002
2014-05-31,27734,16.66398163505685,64.0,75.9,55.9,10.6,0.03,5,0,1,0,0,0,0,334,4096.0
2014-06-01,31333,18.015508143703656,65.1,77.0,57.0,6.0,0.01,6,0,0,1,0,0,0,335,4238.009999999999
2014-06-02,34519,14.685100476066324,69.7,79.0,57.0,9.3,0.0,6,1,0,0,0,0,0,336,4858.09
2014-06-03,29501,13.369560918838912,75.7,84.9,61.0,7.4,0.0,6,0,0,0,0,1,0,337,5730.490000000001
2014-06-04,36068,13.843021977006392,69.5,84.9,62.1,6.8,0.06,6,0,0,0,0,0,1,338,4830.25
2014-06-05,24619,13.550492167296264,67.0,81.0,62.1,7.9,0.4,6,0,0,0,1,0,0,339,4489.0
2014-06-06,37719,14.525447829122369,67.8,75.9,61.0,11.3,0.3,6,0,0,0,0,0,0,340,4596.839999999999
2014-06-07,31204,17.86846825193351,71.5,82.0,61.0,6.4,0.0,6,0,1,0,0,0,0,341,5112.25
2014-06-08,30162,18.067772362575415,76.4,84.9,63.0,5.5,0.0,6,0,0,1,0,0,0,342,5836.960000000001
2014-06-09,18611,12.93291243529812,68.0,84.9,62.1,7.0,0.45,6,1,0,0,0,0,0,343,4624.0
2014-06-10,33435,13.348906335676189,66.9,75.2,63.0,6.5,0.79,6,0,0,0,0,1,0,344,4475.610000000001
2014-06-11,30548,13.418144122910398,65.6,75.0,61.0,9.5,0.04,6,0,0,0,0,0,1,345,4303.36
2014-06-12,29084,12.58344966304497,63.6,75.9,59.0,9.0,0.01,6,0,0,0,1,0,0,346,4044.96
2014-06-13,18308,12.684859988347537,65.7,75.9,59.0,8.4,0.14,6,0,0,0,0,0,0,347,4316.490000000001
2014-06-14,28417,16.756327198507922,69.6,75.9,62.1,10.1,1.43,6,0,1,0,0,0,0,348,4844.159999999999
2014-06-15,28382,17.317562774528458,67.6,79.0,61.0,10.0,0.0,6,0,0,1,0,0,0,349,4569.759999999999
2014-06-16,34932,14.268376655597542,72.0,81.0,61.0,5.3,0.0,6,1,0,0,0,0,0,350,5184.0
2014-06-17,35097,14.09637670836064,76.7,88.0,64.0,6.7,0.0,6,0,0,0,0,1,0,351,5882.89
2014-06-18,35531,13.559252014672635,83.2,88.0,70.0,11.2,0.0,6,0,0,0,0,0,1,352,6922.240000000001
2014-06-19,31724,13.661286407766989,74.8,88.0,68.0,5.4,0.0,6,0,0,0,1,0,0,353,5595.04
2014-06-20,34405,16.704327859322767,73.3,80.1,66.0,8.0,0.0,6,0,0,0,0,0,0,354,5372.889999999999
2014-06-21,30288,17.2301659623173,70.0,75.9,62.1,8.4,0.0,6,0,1,0,0,0,0,355,4900.0
2014-06-22,29417,16.58275656933066,70.1,77.0,64.0,6.4,0.0,6,0,0,1,0,0,0,356,4914.009999999999
2014-06-23,32580,13.948640781665649,73.2,82.0,64.0,6.2,0.0,6,1,0,0,0,0,0,357,5358.240000000001
2014-06-24,35897,13.7367481962281,73.5,82.0,66.9,10.8,0.0,6,0,0,0,0,1,0,358,5402.25
2014-06-25,34340,13.136113861386134,75.4,84.0,69.1,10.3,0.0,6,0,0,0,0,0,1,359,5685.160000000001
2014-06-26,34846,13.568823298704777,77.5,86.0,71.1,6.3,0.07,6,0,0,0,1,0,0,360,6006.25
2014-06-27,35823,14.686583572937312,74.5,86.0,68.0,7.5,0.0,6,0,0,0,0,0,0,361,5550.25
2014-06-28,28507,16.904747371990503,75.6,87.1,68.0,5.4,0.0,6,0,1,0,0,0,0,362,5715.359999999999
2014-06-29,27986,17.305518235308135,74.9,87.1,69.1,7.5,0.0,6,0,0,1,0,0,0,363,5610.010000000001
2014-06-30,33597,13.79878163724936,75.8,84.0,69.1,9.0,0.0,6,1,0,0,0,0,0,364,5745.639999999999
2014-07-01,34854,13.23013475258698,79.0,88.0,69.1,10.2,0.0,7,0,0,0,0,1,0,365,6241.0
2014-07-02,26582,12.609202342437234,81.7,91.0,73.0,10.1,0.0,7,0,0,0,0,0,1,366,6674.89
2014-07-03,27587,13.287443965152672,78.9,91.0,72.0,6.3,0.65,7,0,0,0,1,0,0,367,6225.210000000001
2014-07-04,13612,15.486074786952688,71.1,89.1,64.9,8.5,0.71,7,0,0,0,0,0,0,368,5055.209999999999
2014-07-05,22913,18.274830154642924,71.8,82.9,64.9,13.7,0.16,7,0,1,0,0,0,0,369,5155.24
2014-07-06,23822,20.219724764223557,78.2,87.1,64.9,9.5,0.0,7,0,0,1,0,0,0,370,6115.240000000001
2014-07-07,31863,14.02582933182688,81.3,91.9,69.1,11.4,0.0,7,1,0,0,0,0,0,371,6609.69
2014-07-08,32713,13.311302336481928,83.8,93.0,72.0,10.7,0.18,7,0,0,0,0,1,0,372,7022.44
2014-07-09,34426,13.33069095063808,79.5,93.0,72.0,10.2,0.0,7,0,0,0,0,0,1,373,6320.25
2014-07-10,36288,13.710673868312762,76.3,88.0,70.0,5.5,0.0,7,0,0,0,1,0,0,374,5821.69
2014-07-11,35000,14.03066,76.9,84.9,70.0,6.1,0.0,7,0,0,0,0,0,0,375,5913.610000000001
2014-07-12,28718,16.70461034891009,77.0,86.0,70.0,7.0,0.0,7,0,1,0,0,0,0,376,5929.0
2014-07-13,24869,15.259172061602795,75.3,86.0,71.1,10.1,0.0,7,0,0,1,0,0,0,377,5670.089999999999
2014-07-14,25825,12.618090351726364,77.2,84.9,71.1,6.3,0.41,7,1,0,0,0,0,0,378,5959.84
2014-07-15,22963,12.218714163364249,76.3,88.0,72.0,7.0,0.57,7,0,0,0,0,1,0,379,5821.69
2014-07-16,35391,13.5540791915082,73.8,88.0,68.0,6.4,0.93,7,0,0,0,0,0,1,380,5446.44
2014-07-17,38619,13.719102859559628,75.0,82.9,68.0,4.8,0.0,7,0,0,0,1,0,0,381,5625.0
2014-07-18,36105,14.457257997507275,74.6,82.9,68.0,6.1,0.0,7,0,0,0,0,0,0,382,5565.159999999999
2014-07-19,29291,16.61823256290328,73.1,82.0,68.0,6.0,0.0,7,0,1,0,0,0,0,383,5343.609999999999
2014-07-20,30296,17.056757767802125,71.2,77.0,66.9,9.1,0.0,7,0,0,1,0,0,0,384,5069.4400000000005
2014-07-21,35670,13.678115129427152,74.0,84.0,66.9,4.4,0.0,7,1,0,0,0,0,0,385,5476.0
2014-07-22,36886,13.627777476549369,78.1,87.1,66.9,7.3,0.0,7,0,0,0,0,1,0,386,6099.609999999999
2014-07-23,34173,13.109473365912658,80.2,89.1,72.0,9.9,0.0,7,0,0,0,0,0,1,387,6432.040000000001
2014-07-24,36693,13.742467682300894,76.8,89.1,73.0,7.9,0.12,7,0,0,0,1,0,0,388,5898.24
2014-07-25,36384,14.1577767700088,74.6,82.0,66.9,6.9,0.0,7,0,0,0,0,0,0,389,5565.159999999999
2014-07-26,27179,16.451384034242118,75.7,82.9,66.9,7.9,0.0,7,0,1,0,0,0,0,390,5730.490000000001
2014-07-27,27004,16.197565792722074,77.5,88.0,71.1,8.5,0.0,7,0,0,1,0,0,0,391,6006.25
2014-07-28,33189,13.454911265780831,78.2,88.0,70.0,9.4,0.26,7,1,0,0,0,0,0,392,6115.240000000001
2014-07-29,37092,13.568479276753298,70.6,84.0,64.9,11.4,0.0,7,0,0,0,0,1,0,393,4984.359999999999
2014-07-30,37377,13.556849131819034,72.5,82.9,64.9,6.5,0.0,7,0,0,0,0,0,1,394,5256.25
2014-07-31,35458,13.663461466147742,75.1,82.9,64.9,8.6,0.0,7,0,0,0,1,0,0,395,5640.009999999999
2014-08-01,32654,13.52699056777118,76.7,86.0,70.0,7.3,0.0,8,0,0,0,0,0,0,396,5882.89
2014-08-02,26784,16.543361086220628,71.1,86.0,64.9,8.7,0.34,8,0,1,0,0,0,0,397,5055.209999999999
2014-08-03,25276,16.505556654533944,69.6,75.9,64.9,4.8,0.12,8,0,0,1,0,0,0,398,4844.159999999999
2014-08-04,33822,13.98557694202984,75.4,84.0,66.0,5.4,0.01,8,1,0,0,0,0,0,399,5685.160000000001
2014-08-05,34392,13.747544002481192,79.7,89.1,71.1,4.4,0.0,8,0,0,0,0,1,0,400,6352.09
2014-08-06,36336,13.637403676794364,76.9,89.1,71.1,7.1,0.0,8,0,0,0,0,0,1,401,5913.610000000001
2014-08-07,36362,13.852484736813157,75.2,84.0,66.9,8.1,0.0,8,0,0,0,1,0,0,402,5655.040000000001
2014-08-08,34073,14.120054001702233,74.0,82.9,66.0,7.1,0.0,8,0,0,0,0,0,0,403,5476.0
2014-08-09,31636,18.437703354827832,77.5,87.1,66.0,4.0,0.0,8,0,1,0,0,0,0,404,6006.25
2014-08-10,26749,17.21475319949656,78.9,87.1,70.0,4.8,0.0,8,0,0,1,0,0,0,405,6225.210000000001
2014-08-11,33664,13.774130129119138,79.7,87.1,71.1,5.9,0.0,8,1,0,0,0,0,0,406,6352.09
2014-08-12,26261,12.027818818780696,75.5,87.1,72.0,11.1,0.0,8,0,0,0,0,1,0,407,5700.25
2014-08-13,27977,13.221852474056067,73.4,86.0,68.0,13.5,0.77,8,0,0,0,0,0,1,408,5387.56
2014-08-14,35154,14.364689651248788,72.0,86.0,64.0,11.6,0.15,8,0,0,0,1,0,0,409,5184.0
2014-08-15,32480,13.884582820197046,69.6,79.0,63.0,9.2,0.0,8,0,0,0,0,0,0,410,4844.159999999999
2014-08-16,32017,18.71058344004748,71.7,79.0,63.0,7.1,0.0,8,0,1,0,0,0,0,411,5140.89
2014-08-17,27417,16.750628563786453,74.7,82.9,66.0,7.7,0.0,8,0,0,1,0,0,0,412,5580.09
2014-08-18,34339,14.094628556451845,72.6,82.9,64.0,8.8,0.01,8,1,0,0,0,0,0,413,5270.759999999999
2014-08-19,35367,13.925657156859971,72.5,81.0,64.0,6.9,0.0,8,0,0,0,0,1,0,414,5256.25
2014-08-20,35532,14.048568426582612,75.4,84.0,64.9,6.2,0.0,8,0,0,0,0,0,1,415,5685.160000000001
2014-08-21,33804,13.843160572713286,75.0,84.0,69.1,6.3,0.07,8,0,0,0,1,0,0,416,5625.0
2014-08-22,30406,13.575098116599795,71.2,81.0,64.0,7.6,1.2,8,0,0,0,0,0,0,417,5069.4400000000005
2014-08-23,26429,16.310513703381393,70.1,75.9,66.9,8.2,0.04,8,0,1,0,0,0,0,418,4914.009999999999
2014-08-24,27493,17.62836843317693,72.0,80.1,64.9,6.2,0.0,8,0,0,1,0,0,0,419,5184.0
2014-08-25,32892,13.790671997243509,75.4,86.0,64.9,4.4,0.0,8,1,0,0,0,0,0,420,5685.160000000001
2014-08-26,34519,13.521703989107452,79.0,86.0,68.0,4.6,0.0,8,0,0,0,0,1,0,421,6241.0
2014-08-27,33721,13.675883475183614,79.0,89.1,71.1,7.0,0.0,8,0,0,0,0,0,1,422,6241.0
2014-08-28,33927,13.819915799608966,76.5,89.1,70.0,8.9,0.0,8,0,0,0,1,0,0,423,5852.25
2014-08-29,31264,14.231134318491984,70.3,80.1,64.0,8.0,0.0,8,0,0,0,0,0,0,424,4942.089999999999
2014-08-30,22689,17.23349126595855,71.7,79.0,64.0,6.7,0.0,8,0,1,0,0,0,0,425,5140.89
2014-08-31,18053,17.04667922228993,77.4,91.9,66.9,9.4,0.0,8,0,0,1,0,0,0,426,5990.760000000001
2014-09-01,23575,19.545633085896075,80.3,91.9,73.0,5.6,0.79,9,1,0,0,0,0,0,427,6448.089999999999
2014-09-02,30507,13.558917079140304,84.3,93.0,75.9,6.8,0.0,9,0,0,0,0,1,0,428,7106.49
2014-09-03,35535,13.64631771492894,80.2,93.0,73.0,9.6,0.0,9,0,0,0,0,0,1,429,6432.040000000001
2014-09-04,36496,14.082504475376297,78.5,86.0,71.1,6.1,0.0,9,0,0,0,1,0,0,430,6162.25
2014-09-05,34831,14.268615601045044,78.3,86.0,71.1,8.0,0.0,9,0,0,0,0,0,0,431,6130.889999999999
2014-09-06,25833,15.771490599878703,80.8,91.0,73.0,8.0,0.0,9,0,1,0,0,0,0,432,6528.639999999999
2014-09-07,29721,17.488032591994433,73.1,91.0,66.0,8.2,0.21,9,0,0,1,0,0,0,433,5343.609999999999
2014-09-08,34335,14.303210523760985,71.0,80.1,64.9,9.4,0.0,9,1,0,0,0,0,0,434,5041.0
2014-09-09,34518,13.617086737354423,68.1,77.0,64.0,12.5,0.0,9,0,0,0,0,1,0,435,4637.61
2014-09-10,37653,14.179311520109064,68.5,75.0,62.6,9.3,0.0,9,0,0,0,0,0,1,436,4692.25
2014-09-11,37081,13.377529822101168,73.8,84.0,63.0,9.1,0.0,9,0,0,0,1,0,0,437,5446.44
2014-09-12,37204,15.752581263663409,70.6,84.0,63.0,9.6,0.0,9,0,0,0,0,0,0,438,4984.359999999999
2014-09-13,17293,15.207226430733051,65.1,71.1,60.8,10.5,0.0,9,0,1,0,0,0,0,439,4238.009999999999
2014-09-14,28688,17.444886944599368,62.1,71.1,55.0,7.4,0.19,9,0,0,1,0,0,0,440,3856.4100000000003
2014-09-15,35045,14.66209397441385,63.6,73.0,55.0,6.5,0.0,9,1,0,0,0,0,0,441,4044.96
2014-09-16,25633,13.024798762012512,63.9,73.0,55.0,5.6,0.01,9,0,0,0,0,1,0,442,4083.21
2014-09-17,37453,13.74239802775034,65.9,73.0,57.9,4.3,0.41,9,0,0,0,0,0,1,443,4342.81
2014-09-18,37381,15.109120052076369,67.6,75.0,59.0,4.6,0.0,9,0,0,0,1,0,0,444,4569.759999999999
2014-09-19,34713,13.759263580406955,62.1,75.0,55.0,10.3,0.0,9,0,0,0,0,0,0,445,3856.4100000000003
2014-09-20,30011,16.831377939200074,65.0,73.9,55.0,9.1,0.0,9,0,1,0,0,0,0,446,4225.0
2014-09-21,26080,16.30760161042945,70.4,77.0,57.9,3.5,0.21,9,0,0,1,0,0,0,447,4956.160000000001
2014-09-22,33239,13.489832726616328,68.8,77.0,61.0,11.1,0.0,9,1,0,0,0,0,0,448,4733.44
2014-09-23,36347,14.318372447061195,60.9,73.0,54.0,7.0,0.0,9,0,0,0,0,1,0,449,3708.81
2014-09-24,35481,14.15637994043761,65.0,73.0,54.0,8.1,0.0,9,0,0,0,0,0,1,450,4225.0
2014-09-25,16650,12.309901901901902,62.6,70.0,57.9,13.0,0.02,9,0,0,0,1,0,0,451,3918.76
2014-09-26,35116,14.915348179367426,66.4,77.0,57.9,7.0,0.15,9,0,0,0,0,0,0,452,4408.960000000001
2014-09-27,30193,18.08473211229976,72.6,82.9,60.1,3.6,0.0,9,0,1,0,0,0,0,453,5270.759999999999
2014-09-28,29021,18.296087890378235,73.4,84.0,64.9,3.2,0.0,9,0,0,1,0,0,0,454,5387.56
2014-09-29,33161,15.074445382628188,72.7,84.0,64.9,4.1,0.0,9,1,0,0,0,0,0,455,5285.29
2014-09-30,35093,15.192419665840292,69.0,73.9,64.4,6.2,0.0,9,0,0,0,0,1,0,456,4761.0
2014-10-01,27942,12.342573306611314,63.3,66.2,60.8,8.4,0.04,10,0,0,0,0,0,1,457,4006.8899999999994
2014-10-02,34492,14.133840697359776,63.3,68.0,60.1,9.1,0.0,10,0,0,0,1,0,0,458,4006.8899999999994
2014-10-03,34944,15.281557158119654,62.4,69.1,57.0,6.8,0.0,10,0,0,0,0,0,0,459,3893.7599999999998
2014-10-04,13354,14.132470920073882,65.0,71.1,57.0,10.0,0.07,10,0,1,0,0,0,0,460,4225.0
2014-10-05,23456,15.738347686448389,54.2,71.1,46.9,12.2,0.98,10,0,0,1,0,0,0,461,2937.6400000000003
2014-10-06,31742,13.726223405372483,59.2,71.1,46.9,8.5,0.0,10,1,0,0,0,0,0,462,3504.6400000000003
2014-10-07,32892,13.510334833191452,67.1,72.0,51.1,11.4,0.0,10,0,0,0,0,1,0,463,4502.409999999999
2014-10-08,33607,16.683948284583575,67.6,73.0,64.0,13.5,0.06,10,0,0,0,0,0,1,464,4569.759999999999
2014-10-09,32203,13.678046558809225,64.2,73.0,57.9,12.6,0.03,10,0,0,0,1,0,0,465,4121.64
2014-10-10,30887,14.820139540907176,60.3,69.1,54.0,6.5,0.0,10,0,0,0,0,0,0,466,3636.0899999999997
2014-10-11,12965,14.296921198097442,56.2,62.1,51.8,6.2,0.13,10,0,1,0,0,0,0,467,3158.4400000000005
2014-10-12,23394,17.592083440198344,55.1,62.1,48.9,5.3,0.2,10,0,0,1,0,0,0,468,3036.01
2014-10-13,22752,13.443484821847164,58.8,66.0,48.9,4.4,0.0,10,1,0,0,0,0,0,469,3457.4399999999996
2014-10-14,32614,18.747257312810447,67.6,75.9,53.1,8.5,0.03,10,0,0,0,0,1,0,470,4569.759999999999
2014-10-15,28743,13.51103399088474,71.9,78.1,64.0,12.9,0.0,10,0,0,0,0,0,1,471,5169.610000000001
2014-10-16,26754,13.593397871969302,69.8,78.1,64.9,11.0,0.72,10,0,0,0,1,0,0,472,4872.04
2014-10-17,34132,15.251804757998364,65.8,72.0,61.0,8.7,0.08,10,0,0,0,0,0,0,473,4329.639999999999
2014-10-18,24978,17.851717511410044,64.1,72.0,60.1,8.9,0.0,10,0,1,0,0,0,0,474,4108.8099999999995
2014-10-19,18840,14.547722929936304,54.5,70.0,48.0,14.8,0.0,10,0,0,1,0,0,0,475,2970.25
2014-10-20,27914,17.18379964653339,49.8,61.0,44.1,8.4,0.0,10,1,0,0,0,0,0,476,2480.0399999999995
2014-10-21,31330,13.243528034897327,60.0,68.0,44.1,5.6,0.0,10,0,0,0,0,1,0,477,3600.0
2014-10-22,9169,11.838021230959392,57.0,68.0,52.0,11.5,0.35,10,0,0,0,0,0,1,478,3249.0
2014-10-23,13371,12.233315882631569,52.2,59.0,51.1,15.6,1.0,10,0,0,0,1,0,0,479,2724.84
2014-10-24,29837,13.538779591335144,54.7,62.1,51.1,11.2,0.23,10,0,0,0,0,0,0,480,2992.09
2014-10-25,24952,16.5570815966656,58.7,68.0,51.1,8.3,0.0,10,0,1,0,0,0,0,481,3445.6900000000005
2014-10-26,20768,15.548127728556755,59.6,68.0,52.0,13.3,0.0,10,0,0,1,0,0,0,482,3552.1600000000003
2014-10-27,28806,14.050002892915826,57.0,64.0,51.1,11.0,0.0,10,1,0,0,0,0,0,483,3249.0
2014-10-28,32956,12.994410729457456,60.4,72.0,51.1,6.1,0.0,10,0,0,0,0,1,0,484,3648.16
2014-10-29,29999,12.749371645721526,64.2,72.0,53.1,7.1,0.0,10,0,0,0,0,0,1,485,4121.64
2014-10-30,31133,13.208668722363196,54.0,72.0,50.0,8.4,0.0,10,0,0,0,1,0,0,486,2916.0
2014-10-31,27785,18.07044448443405,49.9,57.9,45.0,9.3,0.0,10,0,0,0,0,0,0,487,2490.0099999999998
2014-11-01,6002,11.19208319449073,48.1,55.0,45.0,15.1,0.05,11,0,1,0,0,0,0,488,2313.61
2014-11-02,14100,16.12403073286052,44.6,48.0,42.1,19.4,0.17,11,0,0,1,0,0,0,489,1989.16
2014-11-03,26757,13.746447035666677,48.1,62.1,41.0,13.6,0.0,11,1,0,0,0,0,0,490,2313.61
2014-11-04,31174,13.306952909475845,60.2,69.1,41.0,8.5,0.0,11,0,0,0,0,1,0,491,3624.0400000000004
2014-11-05,30539,14.527718109084566,61.4,69.1,55.0,9.0,0.0,11,0,0,0,0,0,1,492,3769.96
2014-11-06,12283,12.065164590626612,52.7,64.0,48.0,5.3,0.13,11,0,0,0,1,0,0,493,2777.2900000000004
2014-11-07,25355,12.322618812857428,49.6,59.0,45.0,12.9,0.21,11,0,0,0,0,0,0,494,2460.1600000000003
2014-11-08,17443,14.52072751246918,42.4,52.0,37.9,11.0,0.0,11,0,1,0,0,0,0,495,1797.76
2014-11-09,18207,15.170109481701177,49.9,57.0,37.9,6.2,0.0,11,0,0,1,0,0,0,496,2490.0099999999998
2014-11-10,27655,12.945201591032363,51.8,61.0,42.1,3.4,0.0,11,1,0,0,0,0,0,497,2683.24
2014-11-11,29358,12.823087403774098,54.9,64.0,42.1,5.0,0.0,11,0,0,0,0,1,0,498,3014.0099999999998
2014-11-12,27807,12.878346579398473,58.7,66.0,46.9,5.6,0.0,11,0,0,0,0,0,1,499,3445.6900000000005
2014-11-13,20652,14.00368729420879,45.7,66.0,39.9,5.3,0.0,11,0,0,0,1,0,0,500,2088.4900000000002
2014-11-14,21082,12.606940359864655,39.3,48.0,36.0,12.4,0.2,11,0,0,0,0,0,0,501,1544.4899999999998
2014-11-15,14057,12.988551374167082,37.8,43.0,34.0,9.7,0.03,11,0,1,0,0,0,0,502,1428.8399999999997
2014-11-16,13272,13.046382107695395,39.4,44.1,34.0,5.4,0.0,11,0,0,1,0,0,0,503,1552.36
2014-11-17,8116,12.37136520453425,43.6,53.1,35.1,5.8,0.51,11,1,0,0,0,0,0,504,1900.96
2014-11-18,16691,11.099698440277194,37.1,53.1,28.0,16.2,1.0,11,0,0,0,0,1,0,505,1376.41
2014-11-19,16694,13.006334611237572,26.7,46.0,21.9,12.9,0.0,11,0,0,0,0,0,1,506,712.89
2014-11-20,20611,12.013123251338282,38.1,46.0,21.9,11.2,0.0,11,0,0,0,1,0,0,507,1451.6100000000001
2014-11-21,17806,10.8112331049459,33.1,46.0,28.0,15.8,0.0,11,0,0,0,0,0,0,508,1095.6100000000001
2014-11-22,12682,13.606544709036427,34.3,43.0,28.0,8.8,0.0,11,0,1,0,0,0,0,509,1176.4899999999998
2014-11-23,15669,14.317903716467756,46.9,55.0,28.9,7.9,0.0,11,0,0,1,0,0,0,510,2199.6099999999997
2014-11-24,23031,12.727714095494482,57.5,64.0,44.1,10.6,0.61,11,1,0,0,0,0,0,511,3306.25
2014-11-25,25580,14.14487816002085,60.1,66.9,48.9,9.7,0.0,11,0,0,0,0,1,0,512,3612.01
2014-11-26,3675,12.755083900226762,44.0,53.1,33.8,9.8,0.0,11,0,0,0,0,0,1,513,1936.0
2014-11-27,3945,11.856244190959018,36.5,51.1,34.0,11.3,1.07,11,0,0,0,1,0,0,514,1332.25
2014-11-28,8378,11.867243574440998,34.4,37.9,30.9,13.1,0.01,11,0,0,0,0,0,0,515,1183.36
2014-11-29,8183,11.973750458267135,31.4,37.0,28.9,5.9,0.0,11,0,1,0,0,0,0,516,985.9599999999999
2014-11-30,12384,14.75855135658915,46.5,53.1,28.9,7.7,0.0,11,0,0,1,0,0,0,517,2162.25
2014-12-01,18519,12.885524776355814,55.4,64.0,44.1,7.6,0.0,12,1,0,0,0,0,0,518,3069.16
2014-12-02,15367,11.433989501312334,39.7,46.0,35.1,12.3,0.05,12,0,0,0,0,1,0,519,1576.0900000000001
2014-12-03,13472,14.234154790182105,43.5,46.9,35.1,8.3,0.12,12,0,0,0,0,0,1,520,1892.25
2014-12-04,21335,11.880248418092338,42.0,46.9,37.9,11.3,0.09,12,0,0,0,1,0,0,521,1764.0
2014-12-05,15818,12.185782020482993,38.4,46.0,34.0,9.3,0.0,12,0,0,0,0,0,0,522,1474.56
2014-12-06,4047,13.02293468412816,44.9,48.9,34.0,4.1,0.7,12,0,1,0,0,0,0,523,2016.0099999999998
2014-12-07,10510,11.942905169679673,39.4,48.9,34.0,15.3,1.14,12,0,0,1,0,0,0,524,1552.36
2014-12-08,15557,11.212750958839536,29.8,34.0,24.8,13.7,0.03,12,1,0,0,0,0,0,525,888.0400000000001
2014-12-09,6713,11.398646904017085,38.7,45.0,25.0,18.1,0.45,12,0,0,0,0,1,0,526,1497.6900000000003
2014-12-10,10399,11.292754110972208,38.6,45.0,32.0,14.8,2.26,12,0,0,0,0,0,1,527,1489.96
2014-12-11,18141,11.962103338661963,34.2,37.0,30.2,14.9,0.02,12,0,0,0,1,0,0,528,1169.64
2014-12-12,17892,11.387605261196809,34.5,37.9,30.9,12.7,0.03,12,0,0,0,0,0,0,529,1190.25
2014-12-13,12549,16.932308019231275,37.2,44.1,32.0,13.7,0.0,12,0,1,0,0,0,0,530,1383.8400000000001
2014-12-14,11941,13.483606900594596,40.4,45.0,35.1,11.3,0.0,12,0,0,1,0,0,0,531,1632.1599999999999
2014-12-15,19382,11.993359818388193,41.6,48.9,37.0,5.9,0.0,12,1,0,0,0,0,0,532,1730.5600000000002
2014-12-16,16816,11.87185517760863,41.5,48.9,36.0,5.6,0.0,12,0,0,0,0,1,0,533,1722.25
2014-12-17,20346,11.689852223205213,46.5,53.1,36.0,8.6,0.19,12,0,0,0,0,0,1,534,2162.25
2014-12-18,19051,11.244470106556085,41.0,53.1,37.9,15.4,0.03,12,0,0,0,1,0,0,535,1681.0
2014-12-19,17200,11.366994186046515,36.8,43.0,33.1,13.5,0.0,12,0,0,0,0,0,0,536,1354.2399999999998
2014-12-20,9582,11.221432547136994,31.9,37.9,30.0,7.8,0.0,12,0,1,0,0,0,0,537,1017.6099999999999
2014-12-21,8747,12.430042681300252,33.1,36.0,30.0,5.7,0.0,12,0,0,1,0,0,0,538,1095.6100000000001
2014-12-22,13560,12.202332841691245,37.9,43.0,32.0,7.1,0.0,12,1,0,0,0,0,0,539,1436.4099999999999
2014-12-23,9422,11.695476898040049,44.1,46.4,42.8,9.9,0.17,12,0,0,0,0,1,0,540,1944.8100000000002
2014-12-24,4285,11.67763905095294,44.5,54.0,42.8,7.8,0.08,12,0,0,0,0,0,1,541,1980.25
2014-12-25,4890,18.95653033401499,52.6,63.0,43.0,12.0,0.71,12,0,0,0,1,0,0,542,2766.76
2014-12-26,9895,14.20262758969176,45.3,63.0,39.9,9.4,0.07,12,0,0,0,0,0,0,543,2052.0899999999997
2014-12-27,10247,16.13914316385283,47.4,55.0,39.9,4.6,0.0,12,0,1,0,0,0,0,544,2246.7599999999998
2014-12-28,7902,13.044575213026237,48.1,55.0,42.1,6.8,0.0,12,0,0,1,0,0,0,545,2313.61
2014-12-29,13549,13.280457352326124,41.3,52.0,37.9,10.0,0.1,12,1,0,0,0,0,0,546,1705.6899999999998
2014-12-30,12196,11.500896468787582,32.6,44.1,28.9,8.0,0.0,12,0,0,0,0,1,0,547,1062.76
2014-12-31,9739,12.678344799260708,29.4,35.1,27.0,7.8,0.0,12,0,0,0,0,0,1,548,864.3599999999999
2015-01-01,5317,13.363444298163127,31.2,39.0,27.0,11.5,0.0,1,0,0,0,1,0,0,549,973.4399999999999
2015-01-02,11304,12.187349610757256,38.6,42.1,27.0,12.6,0.0,1,0,0,0,0,0,0,550,1489.96
2015-01-03,4478,10.921404644930774,35.2,42.1,30.9,8.1,0.0,1,0,1,0,0,0,0,551,1239.0400000000002
2015-01-04,7849,11.325903512124684,45.1,57.0,30.9,8.4,0.85,1,0,0,1,0,0,0,552,2034.0100000000002
2015-01-05,14506,10.630196700216,42.5,57.0,28.9,18.2,0.13,1,1,0,0,0,0,0,553,1806.25
2015-01-06,8739,10.582040279208144,21.2,28.9,17.6,8.7,0.0,1,0,0,0,0,1,0,554,449.44
2015-01-07,9646,9.820182804616769,21.7,25.0,15.1,14.8,0.05,1,0,0,0,0,0,1,555,470.89
2015-01-08,8779,9.931015301666855,13.2,25.0,8.1,14.6,0.0,1,0,0,0,1,0,0,556,174.23999999999998
2015-01-09,7930,10.610964691046656,24.0,33.1,8.1,13.3,0.0,1,0,0,0,0,0,0,557,576.0
2015-01-10,6109,9.93376166311999,21.7,33.1,17.1,13.3,0.06,1,0,1,0,0,0,0,558,470.89
2015-01-11,7467,10.384540868711213,24.8,37.0,17.1,8.5,0.0,1,0,0,1,0,0,0,559,615.0400000000001
2015-01-12,8645,10.394794679005203,36.0,37.9,19.0,5.6,0.0,1,1,0,0,0,0,0,560,1296.0
2015-01-13,12797,10.308126904743297,30.2,39.0,19.0,12.1,0.39,1,0,0,0,0,1,0,561,912.04
2015-01-14,13086,10.38380712211524,22.0,36.0,17.1,9.1,0.0,1,0,0,0,0,0,1,562,484.0
2015-01-15,14075,10.556677323860272,29.5,34.0,17.1,7.6,0.0,1,0,0,0,1,0,0,563,870.25
2015-01-16,13843,10.422846685448718,34.0,42.1,25.0,13.0,0.0,1,0,0,0,0,0,0,564,1156.0
2015-01-17,7491,10.954093801450629,22.3,42.1,17.1,11.8,0.0,1,0,1,0,0,0,0,565,497.29
2015-01-18,1795,12.05790157845868,32.7,41.0,17.1,4.6,0.0,1,0,0,1,0,0,0,566,1069.2900000000002
2015-01-19,10710,11.52877840024899,39.4,43.0,28.9,12.3,1.98,1,1,0,0,0,0,0,567,1552.36
2015-01-20,16129,10.797786595573196,37.2,42.1,34.0,9.6,0.0,1,0,0,0,0,1,0,568,1383.8400000000001
2015-01-21,15234,10.447485886832087,30.5,39.9,25.0,7.0,0.0,1,0,0,0,0,0,1,569,930.25
2015-01-22,15864,10.675724911749873,34.0,39.0,25.0,5.3,0.0,1,0,0,0,1,0,0,570,1156.0
2015-01-23,15737,10.659342102476115,32.4,39.0,28.0,9.9,0.0,1,0,0,0,0,0,0,571,1049.76
2015-01-24,4814,10.505058163689238,35.1,39.9,28.0,8.3,0.66,1,0,1,0,0,0,0,572,1232.01
2015-01-25,9379,12.021174965348116,37.6,42.1,32.0,12.8,0.07,1,0,0,1,0,0,0,573,1413.7600000000002
2015-01-26,4141,11.085237060291394,26.6,35.1,21.2,14.7,0.0,1,1,0,0,0,0,0,574,707.5600000000001
2015-01-27,1214,15.93785008237232,24.4,30.0,19.9,14.9,0.45,1,0,0,0,0,1,0,575,595.3599999999999
2015-01-28,5401,14.174285626118625,23.5,34.0,17.1,11.7,0.01,1,0,0,0,0,0,1,576,552.25
2015-01-29,8870,12.531798196166854,26.3,34.0,17.1,6.1,0.0,1,0,0,0,1,0,0,577,691.69
2015-01-30,9015,10.857901645405802,33.9,37.0,21.0,10.8,0.07,1,0,0,0,0,0,0,578,1149.2099999999998
2015-01-31,5188,10.446366615266005,20.4,37.0,12.9,21.5,0.01,1,0,1,0,0,0,0,579,416.15999999999997
2015-02-01,6441,10.635820007245252,27.5,36.0,12.9,8.8,0.0,2,0,0,1,0,0,0,580,756.25
2015-02-02,1459,15.347703906785473,29.6,36.0,19.9,11.2,0.84,2,1,0,0,0,0,0,581,876.1600000000001
2015-02-03,4754,12.787074042911234,19.3,33.1,14.0,13.4,0.26,2,0,0,0,0,1,0,582,372.49
2015-02-04,8973,11.625942642743045,30.0,39.9,14.0,5.6,0.0,2,0,0,0,0,0,1,583,900.0
2015-02-05,9208,10.389945337387775,33.2,41.0,21.0,12.1,0.0,2,0,0,0,1,0,0,584,1102.2400000000002
2015-02-06,8575,10.618616132167151,18.1,39.9,12.0,13.3,0.0,2,0,0,0,0,0,0,585,327.61000000000007
2015-02-07,6790,11.441013745704463,29.0,36.0,12.0,7.1,0.0,2,0,1,0,0,0,0,586,841.0
2015-02-08,6662,11.115628439907937,33.0,36.0,26.1,8.9,0.01,2,0,0,1,0,0,0,587,1089.0
2015-02-09,5160,10.565529715762276,28.9,35.6,25.9,15.3,0.03,2,1,0,0,0,0,0,588,835.2099999999999
2015-02-10,10328,10.637577459333848,29.9,39.0,26.1,11.0,0.04,2,0,0,0,0,1,0,589,894.0099999999999
2015-02-11,11439,10.817006148556109,28.4,39.0,21.9,9.3,0.0,2,0,0,0,0,0,1,590,806.56
2015-02-12,11269,10.797302333836186,32.3,39.9,21.9,6.9,0.0,2,0,0,0,1,0,0,591,1043.2899999999997
2015-02-13,7642,10.384181715083312,17.6,39.9,9.0,18.2,0.0,2,0,0,0,0,0,0,592,309.76000000000005
2015-02-14,4614,10.430779511631265,22.9,32.0,9.0,7.1,0.0,2,0,1,0,0,0,0,593,524.41
2015-02-15,2581,9.497643032416375,20.5,32.0,10.9,19.7,0.01,2,0,0,1,0,0,0,594,420.25
2015-02-16,3998,9.9301775887944,10.2,26.1,3.9,15.4,0.0,2,1,0,0,0,0,0,595,104.03999999999999
2015-02-17,4784,10.820833333333333,19.4,28.0,3.9,6.6,0.11,2,0,0,0,0,1,0,596,376.35999999999996
2015-02-18,9170,10.79954016721192,24.2,30.9,14.0,5.0,0.02,2,0,0,0,0,0,1,597,585.64
2015-02-19,7799,9.925582339616188,22.0,30.9,15.1,14.9,0.0,2,0,0,0,1,0,0,598,484.0
2015-02-20,6159,10.046747307463328,10.9,27.0,3.0,18.2,0.0,2,0,0,0,0,0,0,599,118.81
2015-02-21,3157,9.848833280540594,20.1,28.9,3.0,8.0,0.01,2,0,1,0,0,0,0,600,404.01000000000005
2015-02-22,4274,11.950760411792228,34.1,42.1,14.0,3.7,0.71,2,0,0,1,0,0,0,601,1162.8100000000002
2015-02-23,7458,10.532466255475107,29.3,42.1,16.0,14.0,0.11,2,1,0,0,0,0,0,602,858.49
2015-02-24,7402,10.747858686841392,12.4,37.9,6.1,9.9,0.0,2,0,0,0,0,1,0,603,153.76000000000002
2015-02-25,10751,10.857537283353492,27.7,37.9,6.1,8.7,0.0,2,0,0,0,0,0,1,604,767.29
2015-02-26,9901,11.258465474867858,26.9,37.9,21.0,9.3,0.0,2,0,0,0,1,0,0,605,723.6099999999999
2015-02-27,9864,10.997024533657743,23.7,32.0,19.0,7.3,0.0,2,0,0,0,0,0,0,606,561.6899999999999
2015-02-28,6318,10.824021314762057,22.1,30.0,15.1,7.2,0.0,2,0,1,0,0,0,0,607,488.4100000000001
2015-03-01,2879,12.341061711242332,26.7,30.0,15.1,4.4,0.0,3,0,0,1,0,0,0,608,712.89
2015-03-02,7283,11.292155247379744,32.2,37.9,24.1,9.0,0.48,3,1,0,0,0,0,0,609,1036.8400000000001
2015-03-03,6533,12.700640338792793,28.4,37.9,24.1,9.8,0.0,3,0,0,0,0,1,0,610,806.56
2015-03-04,7514,11.67371129447254,38.9,46.9,24.1,8.0,0.73,3,0,0,0,0,0,1,611,1513.2099999999998
2015-03-05,1637,15.43091020158827,32.9,44.1,21.2,8.6,0.46,3,0,0,0,1,0,0,612,1082.4099999999999
2015-03-06,5162,12.277776701536872,21.0,41.0,15.1,7.1,0.38,3,0,0,0,0,0,0,613,441.0
2015-03-07,5590,14.79457066189624,26.8,37.9,15.1,9.3,0.0,3,0,1,0,0,0,0,614,718.24
2015-03-08,7898,13.692379927407783,40.2,48.0,35.1,8.4,0.0,3,0,0,1,0,0,0,615,1616.0400000000002
2015-03-09,14878,12.643708831832235,44.9,54.0,35.1,6.5,0.02,3,1,0,0,0,0,0,616,2016.0099999999998
2015-03-10,11781,12.056681662564015,40.7,54.0,33.1,4.6,0.11,3,0,0,0,0,1,0,617,1656.4900000000002
2015-03-11,19561,13.397417480360584,46.4,60.1,33.1,7.5,0.44,3,0,0,0,0,0,1,618,2152.96
2015-03-12,17530,12.15231793116562,45.3,60.1,37.0,16.4,0.02,3,0,0,0,1,0,0,619,2052.0899999999997
2015-03-13,16145,12.06039537524517,37.1,46.9,30.9,8.4,0.0,3,0,0,0,0,0,0,620,1376.41
2015-03-14,3906,12.147486772486774,43.6,51.8,37.4,7.1,0.21,3,0,1,0,0,0,0,621,1900.96
2015-03-15,8838,12.096647054386365,44.1,51.1,37.0,14.0,0.81,3,0,0,1,0,0,0,622,1944.8100000000002
2015-03-16,16787,11.890594904787427,40.2,51.1,36.0,9.3,0.0,3,1,0,0,0,0,0,623,1616.0400000000002
2015-03-17,14857,11.77855107581162,47.9,54.0,36.0,10.6,0.0,3,0,0,0,0,1,0,624,2294.41
2015-03-18,13842,11.3333887203198,33.7,37.9,28.9,19.6,0.01,3,0,0,0,0,0,1,625,1135.6900000000003
2015-03-19,15446,12.821573007035264,33.5,42.1,28.0,10.7,0.0,3,0,0,0,1,0,0,626,1122.25
2015-03-20,8052,11.094823232323233,34.4,42.1,28.9,8.4,0.0,3,0,0,0,0,0,0,627,1183.36
2015-03-21,9338,13.598843435425144,34.9,46.9,28.9,7.1,0.29,3,0,1,0,0,0,0,628,1218.01
2015-03-22,9676,12.476186785172937,39.9,48.0,28.9,13.8,0.01,3,0,0,1,0,0,0,629,1592.01
2015-03-23,13538,10.822777859851286,30.5,44.1,24.1,12.3,0.0,3,1,0,0,0,0,0,630,930.25
2015-03-24,16166,11.326275310322078,33.6,44.1,24.1,7.4,0.0,3,0,0,0,0,1,0,631,1128.96
2015-03-25,14670,11.680996364462626,39.1,48.0,26.1,5.7,0.0,3,0,0,0,0,0,1,632,1528.8100000000002
2015-03-26,14954,11.843317284115733,45.2,57.0,32.0,4.4,0.05,3,0,0,0,1,0,0,633,2043.0400000000002
2015-03-27,14107,11.57743555208998,44.9,57.0,37.9,7.7,0.52,3,0,0,0,0,0,0,634,2016.0099999999998
2015-03-28,1107,12.674495633845227,37.6,46.0,33.1,10.7,0.28,3,0,1,0,0,0,0,635,1413.7600000000002
2015-03-29,9826,14.182955085148247,33.5,46.0,27.0,10.3,0.0,3,0,0,1,0,0,0,636,1122.25
2015-03-30,18075,12.113396957123095,42.2,55.0,27.0,10.8,0.0,3,1,0,0,0,0,0,637,1780.8400000000001
2015-03-31,14250,12.6946701754386,42.8,55.0,34.0,9.6,0.0,3,0,0,0,0,1,0,638,1831.8399999999997
2015-04-01,20146,13.215563883649358,39.8,51.1,34.0,8.5,0.14,4,0,0,0,0,0,1,639,1584.0399999999997
2015-04-02,24227,20.767175052627238,49.9,63.0,34.0,8.4,0.0,4,0,0,0,1,0,0,640,2490.0099999999998
2015-04-03,14774,13.698973421776996,59.2,63.0,39.0,9.5,0.0,4,0,0,0,0,0,0,641,3504.6400000000003
2015-04-04,14355,15.031241147103213,52.0,63.0,46.9,14.3,0.04,4,0,1,0,0,0,0,642,2704.0
2015-04-05,13799,18.10637848153248,50.1,62.1,43.0,11.2,0.0,4,0,0,1,0,0,0,643,2510.01
2015-04-06,23391,15.093338606016562,46.7,62.1,39.0,7.8,0.0,4,1,0,0,0,0,0,644,2180.8900000000003
2015-04-07,16262,11.673802935268313,50.6,60.1,39.0,7.7,0.01,4,0,0,0,0,1,0,645,2560.36
2015-04-08,17872,13.848690689346466,43.0,57.0,39.9,12.3,0.16,4,0,0,0,0,0,1,646,1849.0
2015-04-09,16546,11.794970587050244,39.3,46.0,37.0,12.4,0.0,4,0,0,0,1,0,0,647,1544.4899999999998
2015-04-10,16317,12.313068170211032,43.0,57.2,39.2,6.9,0.25,4,0,0,0,0,0,0,648,1849.0
2015-04-11,18643,16.43795168874824,55.3,57.2,51.1,14.7,0.24,4,0,1,0,0,0,0,649,3058.0899999999997
2015-04-12,19954,19.100768434065003,51.3,64.9,44.1,7.6,0.0,4,0,0,1,0,0,0,650,2631.6899999999996
2015-04-13,24925,15.158399197592775,55.6,64.9,44.1,8.0,0.0,4,1,0,0,0,0,0,651,3091.36
2015-04-14,22703,12.626147792509071,59.3,64.9,46.9,7.0,0.0,4,0,0,0,0,1,0,652,3516.49
2015-04-15,27594,16.236471696745674,59.1,70.0,51.1,7.4,0.0,4,0,0,0,0,0,1,653,3492.81
2015-04-16,27180,13.467742825607068,56.5,70.0,46.9,7.4,0.0,4,0,0,0,1,0,0,654,3192.25
2015-04-17,24175,15.087127886935534,59.7,71.1,46.9,9.0,0.08,4,0,0,0,0,0,0,655,3564.09
2015-04-18,28174,22.16667317384823,66.0,79.0,54.0,5.7,0.0,4,0,1,0,0,0,0,656,4356.0
2015-04-19,21475,18.12943344974777,57.6,79.0,50.0,8.8,0.0,4,0,0,1,0,0,0,657,3317.76
2015-04-20,11202,11.984380765339523,50.6,61.0,45.0,13.2,0.0,4,1,0,0,0,0,0,658,2560.36
2015-04-21,24868,16.304881105570747,57.4,66.9,45.0,9.0,0.95,4,0,0,0,0,1,0,659,3294.7599999999998
2015-04-22,21997,12.904648361140156,58.8,66.9,50.0,8.9,0.07,4,0,0,0,0,0,1,660,3457.4399999999996
2015-04-23,22074,14.395430521578934,47.4,66.9,42.1,13.5,0.1,4,0,0,0,1,0,0,661,2246.7599999999998
2015-04-24,20981,14.68019398503408,43.4,50.0,39.0,16.1,0.0,4,0,0,0,0,0,0,662,1883.56
2015-04-25,21082,18.3834479650887,46.1,60.1,39.0,11.8,0.0,4,0,1,0,0,0,0,663,2125.21
2015-04-26,21594,18.999813219721524,52.0,61.0,39.0,5.2,0.0,4,0,0,1,0,0,0,664,2704.0
2015-04-27,25501,13.12094623740245,53.8,61.0,45.0,9.9,0.0,4,1,0,0,0,0,0,665,2894.4399999999996
2015-04-28,29795,14.78642613413884,57.2,72.0,48.9,11.5,0.0,4,0,0,0,0,1,0,666,3271.84
2015-04-29,31532,14.744549452408137,64.2,75.9,51.1,8.8,0.0,4,0,0,0,0,0,1,667,4121.64
2015-04-30,29252,15.552346278317149,52.4,75.9,46.9,13.1,0.0,4,0,0,0,1,0,0,668,2745.7599999999998
2015-05-01,27924,14.358900348565152,52.6,64.0,46.9,7.6,0.0,5,0,0,0,0,0,0,669,2766.76
2015-05-02,25743,19.347873855675985,53.9,69.1,48.0,4.7,0.0,5,0,1,0,0,0,0,670,2905.21
2015-05-03,27694,20.460286223249327,59.5,75.9,48.0,6.4,0.0,5,0,0,1,0,0,0,671,3540.25
2015-05-04,32066,16.65191999833675,66.5,82.0,51.1,7.1,0.0,5,1,0,0,0,0,0,672,4422.25
2015-05-05,33012,16.947328244274804,72.7,82.0,54.0,7.5,0.0,5,0,0,0,0,1,0,673,5285.29
2015-05-06,30313,14.54786285312132,65.3,81.0,59.0,6.4,0.0,5,0,0,0,0,0,1,674,4264.089999999999
2015-05-07,34871,15.368028352116848,64.6,75.9,52.0,5.2,0.0,5,0,0,0,1,0,0,675,4173.159999999999
2015-05-08,34304,16.277496793376866,64.2,79.0,52.0,6.3,0.0,5,0,0,0,0,0,0,676,4121.64
2015-05-09,24329,19.635189828325604,58.0,79.0,53.1,8.4,0.0,5,0,1,0,0,0,0,677,3364.0
2015-05-10,26573,20.34650397019531,66.3,82.0,53.1,6.0,0.01,5,0,0,1,0,0,0,678,4395.69
2015-05-11,32382,16.47870730652832,74.4,82.9,57.0,9.4,0.0,5,1,0,0,0,0,0,679,5535.360000000001
2015-05-12,35225,15.161436006624085,74.9,87.1,64.0,9.1,0.0,5,0,0,0,0,1,0,680,5610.010000000001
2015-05-13,33402,15.454865477117142,65.1,87.1,57.9,15.3,0.0,5,0,0,0,0,0,1,681,4238.009999999999
2015-05-14,40826,16.91159677656395,59.7,72.0,52.0,8.5,0.0,5,0,0,0,1,0,0,682,3564.09
2015-05-15,34945,15.999832117136448,63.2,73.9,52.0,7.6,0.0,5,0,0,0,0,0,0,683,3994.2400000000002
2015-05-16,23882,18.769493760991537,65.2,75.0,55.9,6.5,0.01,5,0,1,0,0,0,0,684,4251.04
2015-05-17,30969,19.89008255567396,70.4,82.9,57.0,3.2,0.28,5,0,0,1,0,0,0,685,4956.160000000001
2015-05-18,31559,16.20777327122744,63.6,75.9,55.4,7.5,0.02,5,1,0,0,0,0,0,686,4044.96
2015-05-19,33895,14.03919703004376,61.6,82.0,55.0,6.2,0.01,5,0,0,0,0,1,0,687,3794.5600000000004
2015-05-20,33823,13.874159102780157,62.0,82.0,55.0,13.2,0.0,5,0,0,0,0,0,1,688,3844.0
2015-05-21,31214,13.769075308088247,57.1,66.0,53.1,7.0,0.0,5,0,0,0,1,0,0,689,3260.4100000000003
2015-05-22,31891,15.433476529428363,61.8,75.0,53.1,9.9,0.0,5,0,0,0,0,0,0,690,3819.24
2015-05-23,23910,20.41252892792416,59.3,75.0,50.0,11.5,0.0,5,0,1,0,0,0,0,691,3516.49
2015-05-24,25151,21.73567518852796,65.7,81.0,50.0,8.7,0.0,5,0,0,1,0,0,0,692,4316.490000000001
2015-05-25,28164,20.07181745017279,72.5,82.9,55.9,8.8,0.0,5,1,0,0,0,0,0,693,5256.25
2015-05-26,35786,15.203880008942043,75.2,86.0,64.9,10.3,0.0,5,0,0,0,0,1,0,694,5655.040000000001
2015-05-27,33710,13.713029763670525,73.5,86.0,66.9,9.9,0.0,5,0,0,0,0,0,1,695,5402.25
2015-05-28,35934,13.981679838964029,73.4,84.0,66.9,7.0,0.02,5,0,0,0,1,0,0,696,5387.56
2015-05-29,37756,15.59886508104672,73.0,84.0,64.0,7.2,0.0,5,0,0,0,0,0,0,697,5329.0
2015-05-30,31147,18.942095546922666,73.1,82.9,64.0,9.8,0.0,5,0,1,0,0,0,0,698,5343.609999999999
2015-05-31,19586,18.385298172163797,74.6,86.0,66.0,9.6,0.0,5,0,0,1,0,0,0,699,5565.159999999999
2015-06-01,15283,10.937380313638249,57.4,86.0,54.0,13.8,1.69,6,1,0,0,0,0,0,700,3294.7599999999998
2015-06-02,11984,11.233344459279037,52.0,57.9,50.0,10.2,0.47,6,0,0,0,0,1,0,701,2704.0
2015-06-03,34590,13.803870097330632,58.2,69.1,50.0,7.3,0.24,6,0,0,0,0,0,1,702,3387.2400000000002
2015-06-04,32772,13.39132236868872,58.1,69.1,53.1,9.4,0.0,6,0,0,0,1,0,0,703,3375.61
2015-06-05,31294,13.49424170767559,59.5,68.0,54.0,6.5,0.0,6,0,0,0,0,0,0,704,3540.25
2015-06-06,26334,18.094258373205736,65.7,73.9,55.9,7.3,0.55,6,0,1,0,0,0,0,705,4316.490000000001
2015-06-07,30773,19.35456189950065,65.3,73.9,57.0,7.6,0.0,6,0,0,1,0,0,0,706,4264.089999999999
2015-06-08,33585,14.490926008634808,67.5,77.0,57.0,11.6,0.0,6,1,0,0,0,0,0,707,4556.25
2015-06-09,35412,13.74889350126134,73.3,84.9,62.1,10.1,0.05,6,0,0,0,0,1,0,708,5372.889999999999
2015-06-10,39350,15.831412960609908,74.2,84.9,66.0,8.2,0.01,6,0,0,0,0,0,1,709,5505.64
2015-06-11,37400,14.352853832442069,80.2,91.9,66.0,8.8,0.0,6,0,0,0,1,0,0,710,6432.040000000001
2015-06-12,35136,14.597696569520345,80.7,91.9,71.1,7.7,0.0,6,0,0,0,0,0,0,711,6512.490000000001
2015-06-13,29980,19.425647098065376,80.5,88.0,71.1,10.1,0.0,6,0,1,0,0,0,0,712,6480.25
2015-06-14,28184,18.834916974169744,77.0,87.1,68.0,6.3,0.0,6,0,0,1,0,0,0,713,5929.0
2015-06-15,25087,13.00110880801478,70.3,79.0,62.6,9.0,0.79,6,1,0,0,0,0,0,714,4942.089999999999
2015-06-16,32147,13.381549859499591,68.1,79.0,62.6,7.1,0.02,6,0,0,0,0,1,0,715,4637.61
2015-06-17,38030,14.446373038828993,73.9,79.0,64.0,8.3,0.34,6,0,0,0,0,0,1,716,5461.210000000001
2015-06-18,35464,13.128899729302956,66.8,69.8,64.4,7.5,0.0,6,0,0,0,1,0,0,717,4462.24
2015-06-19,37380,14.673340913144283,73.2,84.9,64.9,6.0,0.0,6,0,0,0,0,0,0,718,5358.240000000001
2015-06-20,23580,16.7280491942324,69.5,84.9,64.0,8.3,0.0,6,0,1,0,0,0,0,719,4830.25
2015-06-21,25926,18.05954190130885,75.0,90.0,64.0,9.4,0.25,6,0,0,1,0,0,0,720,5625.0
2015-06-22,37677,15.11628800948412,79.6,90.0,69.1,10.1,0.29,6,1,0,0,0,0,0,721,6336.159999999999
2015-06-23,32294,13.689253421688235,84.4,91.9,72.0,10.3,0.0,6,0,0,0,0,1,0,722,7123.360000000001
2015-06-24,41070,15.155445580715853,77.1,91.9,69.1,10.1,0.07,6,0,0,0,0,0,1,723,5944.409999999999
2015-06-25,39673,14.255832262075804,76.8,84.9,69.1,6.0,0.0,6,0,0,0,1,0,0,724,5898.24
2015-06-26,38614,15.524874397886776,74.8,84.9,69.1,7.7,0.0,6,0,0,0,0,0,0,725,5595.04
2015-06-27,15485,15.897769884834789,69.0,80.1,62.1,8.5,0.0,6,0,1,0,0,0,0,726,4761.0
2015-06-28,20591,17.467263205607626,64.2,73.9,60.1,12.4,1.32,6,0,0,1,0,0,0,727,4121.64
2015-06-29,38037,15.26037586209919,71.3,78.1,62.1,10.1,0.26,6,1,0,0,0,0,0,728,5083.69
2015-06-30,38087,14.458011044888456,75.3,82.0,64.0,9.5,0.0,6,0,0,0,0,1,0,729,5670.089999999999
2015-07-01,37539,14.627503396467676,76.4,84.9,70.0,9.7,0.35,7,0,0,0,0,0,1,730,5836.960000000001
2015-07-02,35559,17.682446544241024,75.7,84.9,70.0,6.4,0.0,7,0,0,0,1,0,0,731,5730.490000000001
2015-07-03,26928,18.45126510200039,73.5,81.0,66.9,4.8,0.0,7,0,0,0,0,0,0,732,5402.25
2015-07-04,21706,22.563756565005075,71.8,81.0,66.9,6.9,0.0,7,0,1,0,0,0,0,733,5155.24
2015-07-05,25920,19.96626157407409,75.1,84.9,69.1,4.6,0.0,7,0,0,1,0,0,0,734,5640.009999999999
2015-07-06,35251,15.05203303925184,77.1,84.9,70.0,6.2,0.0,7,1,0,0,0,0,0,735,5944.409999999999
2015-07-07,36837,14.438571273447897,79.5,88.0,71.1,9.2,0.0,7,0,0,0,0,1,0,736,6320.25
2015-07-08,35047,14.531237576207191,82.0,89.1,75.0,7.7,0.0,7,0,0,0,0,0,1,737,6724.0
2015-07-09,31978,15.26879052265099,73.8,89.1,68.0,6.4,0.09,7,0,0,0,1,0,0,738,5446.44
2015-07-10,38559,15.94727473914434,75.8,84.0,68.0,9.4,0.29,7,0,0,0,0,0,0,739,5745.639999999999
2015-07-11,31719,18.81751263701042,78.6,86.0,72.0,3.8,0.0,7,0,1,0,0,0,0,740,6177.959999999999
2015-07-12,31037,20.149660620120063,81.1,89.1,72.0,4.9,0.0,7,0,0,1,0,0,0,741,6577.209999999999
2015-07-13,38485,15.629013035381742,80.4,89.1,73.0,6.9,0.0,7,1,0,0,0,0,0,742,6464.160000000001
2015-07-14,35802,14.039480103532393,76.1,84.9,71.1,6.8,0.0,7,0,0,0,0,1,0,743,5791.209999999999
2015-07-15,34979,14.368374834424468,75.9,81.0,71.1,6.5,0.95,7,0,0,0,0,0,1,744,5760.810000000001
2015-07-16,42356,16.969341612365035,72.1,81.0,64.0,8.7,0.01,7,0,0,0,1,0,0,745,5198.409999999999
2015-07-17,39595,16.055936776529016,73.5,80.1,64.0,9.0,0.0,7,0,0,0,0,0,0,746,5402.25
2015-07-18,28870,18.41591790786284,76.3,86.0,68.0,9.5,0.0,7,0,1,0,0,0,0,747,5821.69
2015-07-19,28531,19.21933861413901,84.3,93.9,72.0,5.9,0.18,7,0,0,1,0,0,0,748,7106.49
2015-07-20,34889,15.001682478718225,89.1,95.0,78.1,7.1,0.0,7,1,0,0,0,0,0,749,7938.809999999999
2015-07-21,38499,14.462454436045958,86.0,95.0,80.1,6.3,0.0,7,0,0,0,0,1,0,750,7396.0
2015-07-22,42557,15.674898763227358,77.1,91.9,71.1,11.8,0.0,7,0,0,0,0,0,1,751,5944.409999999999
2015-07-23,42175,14.830885595732068,77.1,86.0,71.1,9.2,0.0,7,0,0,0,1,0,0,752,5944.409999999999
2015-07-24,40330,15.098046532771304,78.2,84.9,71.1,5.4,0.0,7,0,0,0,0,0,0,753,6115.240000000001
2015-07-25,31639,20.197454091469396,78.1,84.9,71.1,6.3,0.0,7,0,1,0,0,0,0,754,6099.609999999999
2015-07-26,30543,18.38259721267284,79.8,89.1,71.1,9.6,0.0,7,0,0,1,0,0,0,755,6368.04
2015-07-27,38747,15.524270696225948,79.9,89.1,75.0,8.6,0.05,7,1,0,0,0,0,0,756,6384.010000000001
2015-07-28,40434,14.023608844042142,82.8,93.9,75.9,5.0,0.0,7,0,0,0,0,1,0,757,6855.839999999999
2015-07-29,39428,13.73574067498563,86.3,95.0,75.9,5.8,0.0,7,0,0,0,0,0,1,758,7447.69
2015-07-30,31166,13.443922864660204,82.1,95.0,75.0,8.8,0.0,7,0,0,0,1,0,0,759,6740.409999999999
2015-07-31,38571,14.98328061669821,81.1,91.0,73.9,6.8,1.62,7,0,0,0,0,0,0,760,6577.209999999999
2015-08-01,35179,19.966555331305607,83.7,91.0,73.9,7.8,0.0,8,0,1,0,0,0,0,761,7005.6900000000005
2015-08-02,31622,19.15353498619105,81.0,90.0,73.0,6.5,0.0,8,0,0,1,0,0,0,762,6561.0
2015-08-03,38888,14.86780069258726,82.5,91.9,73.0,9.1,0.0,8,1,0,0,0,0,0,763,6806.25
2015-08-04,40783,14.245816884486183,83.1,91.0,69.8,9.7,0.3,8,0,0,0,0,1,0,764,6905.609999999999
2015-08-05,41075,14.349636437411238,80.5,91.0,70.0,6.3,0.0,8,0,0,0,0,0,1,765,6480.25
2015-08-06,42283,14.34970121956026,76.3,88.0,64.9,6.7,0.0,8,0,0,0,1,0,0,766,5821.69
2015-08-07,40999,15.606476580729613,75.8,82.0,69.1,8.3,0.0,8,0,0,0,0,0,0,767,5745.639999999999
2015-08-08,38723,21.16163692551369,74.7,82.0,69.1,6.0,0.0,8,0,1,0,0,0,0,768,5580.09
2015-08-09,32716,24.251738700737665,75.7,87.1,69.1,6.8,0.0,8,0,0,1,0,0,0,769,5730.490000000001
2015-08-10,39870,20.883078755956856,74.5,84.0,70.0,8.5,0.0,8,1,0,0,0,0,0,770,5550.25
2015-08-11,25066,21.170636852043927,75.1,82.4,71.1,10.9,0.67,8,0,0,0,0,1,0,771,5640.009999999999
2015-08-12,42994,18.275141492611382,77.3,84.9,71.1,9.4,0.51,8,0,0,0,0,0,1,772,5975.29
2015-08-13,42170,17.91515492846416,75.7,84.9,69.1,7.6,0.0,8,0,0,0,1,0,0,773,5730.490000000001
2015-08-14,39983,16.069323629209087,78.9,88.0,69.1,5.2,0.0,8,0,0,0,0,0,0,774,6225.210000000001
2015-08-15,37821,21.430396252522847,81.4,91.9,71.1,6.5,0.0,8,0,1,0,0,0,0,775,6625.960000000001
2015-08-16,30344,19.528532274365045,82.8,91.9,73.9,4.9,0.0,8,0,0,1,0,0,0,776,6855.839999999999
2015-08-17,37449,14.14231310137342,84.7,93.0,77.0,4.8,0.0,8,1,0,0,0,0,0,777,7174.09
2015-08-18,39916,14.11127116945586,83.4,93.0,77.0,8.5,0.0,8,0,0,0,0,1,0,778,6955.560000000001
2015-08-19,40726,15.054147637054134,80.2,89.1,75.9,9.6,0.0,8,0,0,0,0,0,1,779,6432.040000000001
2015-08-20,39280,14.207862780040736,81.0,87.1,75.9,11.0,0.0,8,0,0,0,1,0,0,780,6561.0
2015-08-21,38038,14.394969504180033,78.7,87.1,71.1,9.1,0.32,8,0,0,0,0,0,0,781,6193.6900000000005
2015-08-22,34277,19.9704840952631,76.6,86.0,70.0,6.8,0.0,8,0,1,0,0,0,0,782,5867.5599999999995
2015-08-23,33071,18.218143287674,75.8,84.0,70.0,5.9,0.0,8,0,0,1,0,0,0,783,5745.639999999999
2015-08-24,38943,14.512043670663966,78.5,86.0,71.1,5.5,0.0,8,1,0,0,0,0,0,784,6162.25
2015-08-25,41655,16.293788660825026,80.6,88.0,73.0,8.3,0.0,8,0,0,0,0,1,0,785,6496.359999999999
2015-08-26,42832,14.303074803884952,76.9,88.0,69.1,9.3,0.0,8,0,0,0,0,0,1,786,5913.610000000001
2015-08-27,43173,14.394793427991264,74.2,82.9,68.0,9.0,0.0,8,0,0,0,1,0,0,787,5505.64
2015-08-28,41755,15.329681076118629,73.1,82.9,66.0,5.3,0.0,8,0,0,0,0,0,0,788,5343.609999999999
2015-08-29,34381,21.11088197938784,76.8,84.9,66.0,5.3,0.0,8,0,1,0,0,0,0,789,5898.24
2015-08-30,32913,18.776983765280185,79.1,90.0,70.0,7.4,0.0,8,0,0,1,0,0,0,790,6256.8099999999995
2015-08-31,40119,14.145808303630028,82.7,91.9,72.0,7.5,0.08,8,1,0,0,0,0,0,791,6839.290000000001
2015-09-01,43291,14.215529401800222,82.6,91.9,75.9,6.3,0.0,9,0,0,0,0,1,0,792,6822.759999999999
2015-09-02,43225,15.431706188548292,80.2,88.0,75.0,5.6,0.0,9,0,0,0,0,0,1,793,6432.040000000001
2015-09-03,42879,13.91998841701843,82.6,93.0,75.0,4.9,0.0,9,0,0,0,1,0,0,794,6822.759999999999
2015-09-04,39956,15.866640804885373,80.3,93.0,75.0,8.6,0.0,9,0,0,0,0,0,0,795,6448.089999999999
2015-09-05,34005,20.368827623388725,72.9,84.0,66.9,8.7,0.0,9,0,1,0,0,0,0,796,5314.410000000001
2015-09-06,33199,20.810108738215007,73.9,84.0,66.9,5.1,0.0,9,0,0,1,0,0,0,797,5461.210000000001
2015-09-07,33682,19.942311917344583,77.8,90.0,66.9,7.9,0.0,9,1,0,0,0,0,0,798,6052.839999999999
2015-09-08,42766,15.736452243994451,83.3,95.0,71.1,7.8,0.0,9,0,0,0,0,1,0,799,6938.889999999999
2015-09-09,44005,13.642563723819269,81.1,88.0,75.2,10.4,0.0,9,0,0,0,0,0,1,800,6577.209999999999
2015-09-10,22253,12.542506628319778,75.3,89.1,72.0,8.5,0.66,9,0,0,0,1,0,0,801,5670.089999999999
2015-09-11,47613,15.51068440691968,72.4,81.0,66.0,8.8,0.52,9,0,0,0,0,0,0,802,5241.760000000001
2015-09-12,33661,19.277701692364065,74.6,81.0,66.0,7.2,0.0,9,0,1,0,0,0,0,803,5565.159999999999
2015-09-13,34794,20.10507750378418,72.6,79.0,68.0,8.8,0.22,9,0,0,1,0,0,0,804,5270.759999999999
2015-09-14,44668,16.586815318945703,66.6,79.0,59.0,12.8,0.05,9,1,0,0,0,0,0,805,4435.5599999999995
2015-09-15,48729,17.101023688836893,73.2,84.0,59.0,6.2,0.0,9,0,0,0,0,1,0,806,5358.240000000001
2015-09-16,51179,16.262160586698975,76.8,87.1,64.9,2.7,0.0,9,0,0,0,0,0,1,807,5898.24
2015-09-17,50705,17.2233701475857,78.0,87.1,68.0,4.1,0.0,9,0,0,0,1,0,0,808,6084.0
2015-09-18,50285,17.841787478041834,76.9,87.1,70.0,5.0,0.0,9,0,0,0,0,0,0,809,5913.610000000001
2015-09-19,43011,23.09015019413638,73.9,84.9,69.1,7.7,0.0,9,0,1,0,0,0,0,810,5461.210000000001
2015-09-20,40462,22.248878371476117,73.3,80.1,69.1,10.8,0.0,9,0,0,1,0,0,0,811,5372.889999999999
2015-09-21,47180,16.602875865479717,65.4,75.9,59.0,11.0,0.0,9,1,0,0,0,0,0,812,4277.160000000001
2015-09-22,48685,16.31068330423471,66.3,73.0,59.0,10.8,0.0,9,0,0,0,0,1,0,813,4395.69
2015-09-23,48366,17.72357165501937,67.6,79.0,59.0,6.3,0.0,9,0,0,0,0,0,1,814,4569.759999999999
2015-09-24,52706,17.991786197649862,69.9,81.0,59.0,6.4,0.0,9,0,0,0,1,0,0,815,4886.010000000001
2015-09-25,51368,18.575825741057983,68.5,81.0,63.0,9.7,0.0,9,0,0,0,0,0,0,816,4692.25
2015-09-26,42560,21.34621749686716,65.9,70.0,60.8,9.5,0.0,9,0,1,0,0,0,0,817,4342.81
2015-09-27,38285,20.841134038570363,62.2,70.0,55.9,9.1,0.0,9,0,0,1,0,0,0,818,3868.84
2015-09-28,48011,17.792971749529617,68.5,79.0,55.9,6.3,0.0,9,1,0,0,0,0,0,819,4692.25
2015-09-29,48725,17.201326150162476,74.7,82.9,64.9,5.5,0.0,9,0,0,0,0,1,0,820,5580.09
2015-09-30,39445,14.548676215827944,73.2,82.9,66.0,10.6,1.05,9,0,0,0,0,0,1,821,5358.240000000001
2015-10-01,34719,18.449217527386544,59.4,78.1,54.0,13.6,0.06,10,0,0,0,1,0,0,822,3528.3599999999997
2015-10-02,9444,18.695468022024567,53.9,57.9,50.0,16.3,0.13,10,0,0,0,0,0,0,823,2905.21
2015-10-03,16564,20.15848124446591,51.6,55.0,48.2,21.6,1.45,10,0,1,0,0,0,0,824,2662.56
2015-10-04,30214,20.87618763928423,57.1,63.0,48.9,18.2,0.02,10,0,0,1,0,0,0,825,3260.4100000000003
2015-10-05,44581,18.537194469990958,57.2,64.9,51.8,11.5,0.0,10,1,0,0,0,0,0,826,3271.84
2015-10-06,49719,17.548851210469504,62.4,73.0,52.0,5.0,0.0,10,0,0,0,0,1,0,827,3893.7599999999998
2015-10-07,50141,16.422139566422697,64.6,73.0,55.0,5.5,0.0,10,0,0,0,0,0,1,828,4173.159999999999
2015-10-08,50179,18.0250712449431,64.2,73.0,59.0,5.9,0.0,10,0,0,0,1,0,0,829,4121.64
2015-10-09,37283,21.96473459753775,66.9,78.1,60.1,7.7,0.0,10,0,0,0,0,0,0,830,4475.610000000001
2015-10-10,39345,23.57990553649341,60.0,78.1,52.0,8.1,0.5,10,0,1,0,0,0,0,831,3600.0
2015-10-11,38967,25.43378927468541,59.7,70.0,52.0,6.2,0.0,10,0,0,1,0,0,0,832,3564.09
2015-10-12,45584,18.56271425646426,64.5,75.9,53.1,6.4,0.0,10,1,0,0,0,0,0,833,4160.25
2015-10-13,49047,16.9814732127687,66.1,75.9,55.9,6.8,0.0,10,0,0,0,0,1,0,834,4369.209999999999
2015-10-14,49998,15.807131618598074,64.5,73.0,59.0,9.2,0.0,10,0,0,0,0,0,1,835,4160.25
2015-10-15,48783,17.14110004168119,58.5,68.0,52.0,9.1,0.0,10,0,0,0,1,0,0,836,3422.25
2015-10-16,46484,17.56198333476752,59.0,64.0,52.0,10.0,0.0,10,0,0,0,0,0,0,837,3481.0
2015-10-17,31809,20.51152556404373,52.9,64.0,48.0,11.6,0.0,10,0,1,0,0,0,0,838,2798.41
2015-10-18,23978,16.75690424555843,44.4,55.0,39.0,11.4,0.0,10,0,0,1,0,0,0,839,1971.36
2015-10-19,36570,16.252126515358675,43.5,53.1,37.0,8.1,0.0,10,1,0,0,0,0,0,840,1892.25
2015-10-20,45376,16.729051334038548,56.0,71.1,37.0,10.5,0.0,10,0,0,0,0,1,0,841,3136.0
2015-10-21,49121,16.535452589863123,65.5,75.9,48.9,5.9,0.0,10,0,0,0,0,0,1,842,4290.25
2015-10-22,49604,17.312967368222992,65.0,75.9,57.0,7.2,0.0,10,0,0,0,1,0,0,843,4225.0
2015-10-23,44679,17.506105030700482,60.0,75.9,52.0,11.0,0.0,10,0,0,0,0,0,0,844,3600.0
2015-10-24,31713,19.28423254396199,48.3,64.9,41.0,7.7,0.0,10,0,1,0,0,0,0,845,2332.89
2015-10-25,29289,19.484441257810108,59.3,68.0,41.0,9.1,0.01,10,0,0,1,0,0,0,846,3516.49
2015-10-26,42165,15.205814854342073,53.0,68.0,48.0,8.4,0.02,10,1,0,0,0,0,0,847,2809.0
2015-10-27,44553,14.859671252964636,52.2,59.0,46.0,6.0,0.0,10,0,0,0,0,1,0,848,2724.84
2015-10-28,20736,14.432488586676962,56.9,70.0,46.0,12.7,0.0,10,0,0,0,0,0,1,849,3237.6099999999997
2015-10-29,45358,16.44813189881976,67.6,73.9,51.1,13.5,1.26,10,0,0,0,1,0,0,850,4569.759999999999
2015-10-30,44518,15.93633736166644,56.8,73.9,51.1,13.4,0.01,10,0,0,0,0,0,0,851,3226.24
2015-10-31,31756,20.491124511903266,49.0,60.1,43.0,7.8,0.0,10,0,1,0,0,0,0,852,2401.0
2015-11-01,30622,20.196167787864937,57.3,64.9,43.0,7.1,0.0,11,0,0,1,0,0,0,853,3283.2899999999995
2015-11-02,44534,16.63772660588913,60.2,64.9,53.1,4.9,0.0,11,1,0,0,0,0,0,854,3624.0400000000004
2015-11-03,49326,18.015803700550084,61.3,73.0,51.1,2.5,0.0,11,0,0,0,0,1,0,855,3757.6899999999996
2015-11-04,49487,16.941281548689556,61.5,73.0,51.1,3.6,0.0,11,0,0,0,0,0,1,856,3782.25
2015-11-05,43006,15.287937729619124,62.0,71.1,55.0,3.3,0.0,11,0,0,0,1,0,0,857,3844.0
2015-11-06,47162,17.097363696761505,68.3,75.0,57.0,7.5,0.0,11,0,0,0,0,0,0,858,4664.889999999999
2015-11-07,35586,21.31881123662864,65.9,75.0,57.0,9.2,0.0,11,0,1,0,0,0,0,859,4342.81
2015-11-08,32317,19.788492640612265,53.5,72.0,48.0,9.9,0.0,11,0,0,1,0,0,0,860,2862.25
2015-11-09,42262,15.837494676068337,53.0,60.1,46.0,2.9,0.0,11,1,0,0,0,0,0,861,2809.0
2015-11-10,21585,13.018756080611537,56.0,60.1,46.0,9.6,0.0,11,0,0,0,0,1,0,862,3136.0
2015-11-11,37705,14.937811077222296,53.2,59.0,50.0,12.7,0.5,11,0,0,0,0,0,1,863,2830.2400000000002
2015-11-12,37319,13.343849424332555,55.2,60.1,50.0,8.0,0.23,11,0,0,0,1,0,0,864,3047.0400000000004
2015-11-13,38970,14.539436746215031,56.8,60.1,51.1,16.1,0.01,11,0,0,0,0,0,0,865,3226.24
2015-11-14,25299,17.232278614437984,47.8,59.0,45.0,16.2,0.0,11,0,1,0,0,0,0,866,2284.8399999999997
2015-11-15,25990,18.136986020264207,47.4,59.0,42.1,8.5,0.0,11,0,0,1,0,0,0,867,2246.7599999999998
2015-11-16,40916,15.26048530322286,58.8,68.0,42.1,5.7,0.0,11,1,0,0,0,0,0,868,3457.4399999999996
2015-11-17,38939,14.368553806380918,49.1,68.0,41.0,10.7,0.0,11,0,0,0,0,1,0,869,2410.81
2015-11-18,41485,13.985746655417628,50.5,59.0,41.0,7.3,0.0,11,0,0,0,0,0,1,870,2550.25
2015-11-19,21890,14.644936805238316,59.7,64.0,45.0,11.7,0.0,11,0,0,0,1,0,0,871,3564.09
2015-11-20,38205,16.313732059503554,58.9,64.4,53.1,12.5,1.16,11,0,0,0,0,0,0,872,3469.21
2015-11-21,28038,16.867668877951346,47.2,64.0,43.0,8.7,0.0,11,0,1,0,0,0,0,873,2227.84
2015-11-22,23343,16.721426837453052,52.1,55.9,43.0,7.9,0.0,11,0,0,1,0,0,0,874,2714.4100000000003
2015-11-23,30136,13.275741084859748,41.8,55.9,36.0,13.2,0.0,11,1,0,0,0,0,0,875,1747.2399999999998
2015-11-24,32218,13.300495582179732,39.2,46.9,33.1,7.2,0.0,11,0,0,0,0,1,0,876,1536.6400000000003
2015-11-25,30295,15.095552071298892,44.0,48.9,33.1,6.5,0.0,11,0,0,0,0,0,1,877,1936.0
2015-11-26,13291,23.749510947257544,48.1,60.1,39.9,3.9,0.0,11,0,0,0,1,0,0,878,2313.61
2015-11-27,22824,18.527007389882005,55.6,64.9,41.0,5.0,0.0,11,0,0,0,0,0,0,879,3091.36
2015-11-28,15830,17.995388502842705,57.2,64.9,46.9,6.8,0.0,11,0,1,0,0,0,0,880,3271.84
2015-11-29,18452,15.968623997398655,43.0,46.9,37.9,8.7,0.03,11,0,0,1,0,0,0,881,1849.0
2015-11-30,30213,12.73142411103388,39.8,46.0,33.8,10.5,0.0,11,1,0,0,0,0,0,882,1584.0399999999997
2015-12-01,18399,12.880604924180664,47.1,53.6,44.1,9.6,0.13,12,0,0,0,0,1,0,883,2218.4100000000003
2015-12-02,23782,13.50713424718975,48.1,55.4,46.0,5.1,0.24,12,0,0,0,0,0,1,884,2313.61
2015-12-03,33917,13.151216204263353,51.4,57.2,46.9,11.5,0.1,12,0,0,0,1,0,0,885,2641.96
2015-12-04,34737,14.553756321309653,46.9,55.9,44.1,10.5,0.0,12,0,0,0,0,0,0,886,2199.6099999999997
2015-12-05,26358,21.226578268457388,47.1,52.0,43.0,4.1,0.0,12,0,1,0,0,0,0,887,2218.4100000000003
2015-12-06,24943,19.680364564540483,47.1,53.1,39.9,3.6,0.0,12,0,0,1,0,0,0,888,2218.4100000000003
2015-12-07,34139,14.107047658103635,48.8,55.0,39.9,4.5,0.0,12,1,0,0,0,0,0,889,2381.4399999999996
2015-12-08,35614,13.692017184253382,45.3,55.0,41.0,6.5,0.0,12,0,0,0,0,1,0,890,2052.0899999999997
2015-12-09,35306,14.534629147076036,45.7,53.1,39.0,4.2,0.0,12,0,0,0,0,0,1,891,2088.4900000000002
2015-12-10,39099,14.72724963127787,55.0,61.0,39.0,6.0,0.0,12,0,0,0,1,0,0,892,3025.0
2015-12-11,39060,15.879403481822848,54.3,61.0,48.9,5.4,0.0,12,0,0,0,0,0,0,893,2948.49
2015-12-12,31957,20.004699544179164,59.0,66.0,48.9,3.6,0.0,12,0,1,0,0,0,0,894,3481.0
2015-12-13,32001,19.657040925804413,57.1,66.0,53.1,3.3,0.0,12,0,0,1,0,0,0,895,3260.4100000000003
2015-12-14,32518,13.526458166758928,53.7,62.1,51.1,5.6,0.0,12,1,0,0,0,0,0,896,2883.6900000000005
2015-12-15,38661,13.75023451712751,60.7,64.4,55.0,12.4,0.39,12,0,0,0,0,1,0,897,3684.4900000000002
2015-12-16,35643,13.286628978106974,50.0,64.0,45.0,10.8,0.11,12,0,0,0,0,0,1,898,2500.0
2015-12-17,21961,14.37893462653492,53.4,59.0,48.0,6.5,0.05,12,0,0,0,1,0,0,899,2851.56
2015-12-18,30704,14.70371232846969,51.1,59.0,43.0,9.6,0.88,12,0,0,0,0,0,0,900,2611.21
2015-12-19,17778,14.9548730640867,39.2,57.0,36.0,15.5,0.01,12,0,1,0,0,0,0,901,1536.6400000000003
2015-12-20,17030,16.171584458798197,39.8,44.1,36.0,12.0,0.0,12,0,0,1,0,0,0,902,1584.0399999999997
2015-12-21,29800,12.92418903803132,45.6,55.0,36.0,8.0,0.0,12,1,0,0,0,0,0,903,2079.36
2015-12-22,22941,13.471548029001934,56.8,62.6,55.0,6.4,0.0,12,0,0,0,0,1,0,904,3226.24
2015-12-23,14817,13.377803648961772,54.2,62.1,50.0,6.1,0.18,12,0,0,0,0,0,1,905,2937.6400000000003
2015-12-24,18447,18.84239713774597,64.0,72.0,50.0,9.2,1.46,12,0,0,0,1,0,0,906,4096.0
2015-12-25,12333,34.91361253006837,60.3,72.0,54.0,2.3,0.01,12,0,0,0,0,0,0,907,3636.0899999999997
2015-12-26,13914,23.21140697618705,54.5,64.0,50.0,7.7,0.03,12,0,1,0,0,0,0,908,2970.25
2015-12-27,13177,21.12411651615188,52.4,62.6,46.0,6.8,0.14,12,0,0,1,0,0,0,909,2745.7599999999998
2015-12-28,18889,14.818268127834545,44.8,62.1,39.0,11.7,0.02,12,1,0,0,0,0,0,910,2007.0399999999997
2015-12-29,13347,12.112379810694042,40.2,46.9,33.8,12.7,0.37,12,0,0,0,0,1,0,911,1616.0400000000002
2015-12-30,22477,15.921718497427,41.8,48.0,34.0,4.8,0.13,12,0,0,0,0,0,1,912,1747.2399999999998
2015-12-31,20376,16.81583889543254,47.0,48.2,46.0,5.7,0.17,12,0,0,0,1,0,0,913,2209.0
2016-01-01,11009,20.218967814212608,41.9,50.0,39.0,11.8,0.03,1,0,0,0,0,0,0,914,1755.61
2016-01-02,14587,17.11954937044401,37.3,43.0,34.0,11.9,0.0,1,0,1,0,0,0,0,915,1391.2899999999997
2016-01-03,15499,15.743290965008494,40.0,46.9,34.0,9.9,0.0,1,0,0,1,0,0,0,916,1600.0
2016-01-04,19593,12.859374946834754,33.7,46.9,21.0,13.9,0.0,1,1,0,0,0,0,0,917,1135.6900000000003
2016-01-05,18053,11.371251315570818,19.5,37.9,12.9,13.8,0.0,1,0,0,0,0,1,0,918,380.25
2016-01-06,24569,13.9251387249515,32.2,43.0,12.9,4.2,0.0,1,0,0,0,0,0,1,919,1036.8400000000001
2016-01-07,27773,12.897569581968096,39.0,48.0,26.1,3.7,0.0,1,0,0,0,1,0,0,920,1521.0
2016-01-08,28709,14.043273886237763,40.3,48.0,32.0,7.0,0.0,1,0,0,0,0,0,0,921,1624.0899999999997
2016-01-09,20846,14.839802999776136,43.7,48.0,34.0,10.8,0.0,1,0,1,0,0,0,0,922,1909.6900000000003
2016-01-10,14275,15.183514302393464,50.9,59.0,41.0,12.7,0.63,1,0,0,1,0,0,0,923,2590.81
2016-01-11,22937,11.935826394035836,37.8,59.0,30.9,16.0,0.79,1,1,0,0,0,0,0,924,1428.8399999999997
2016-01-12,25211,12.20320362804596,32.9,45.0,26.1,9.0,0.0,1,0,0,0,0,1,0,925,1082.4099999999999
2016-01-13,21133,13.28315273111564,29.3,45.0,24.1,16.9,0.0,1,0,0,0,0,0,1,926,858.49
2016-01-14,23780,13.019561956826468,28.7,39.0,24.1,11.0,0.0,1,0,0,0,1,0,0,927,823.6899999999999
2016-01-15,28435,14.487640818240433,40.2,52.0,24.1,4.8,0.0,1,0,0,0,0,0,0,928,1616.0400000000002
2016-01-16,19178,16.918041505892166,46.3,52.0,34.0,9.6,0.24,1,0,1,0,0,0,0,929,2143.6899999999996
2016-01-17,12024,16.351681359503218,38.9,46.9,30.2,9.5,0.02,1,0,0,1,0,0,0,930,1513.2099999999998
2016-01-18,12718,12.472764323530956,29.0,44.1,24.1,15.0,0.05,1,1,0,0,0,0,0,931,841.0
2016-01-19,17281,11.166679204521342,22.8,33.1,18.0,19.0,0.0,1,0,0,0,0,1,0,932,519.84
2016-01-20,23420,12.554346712211789,32.1,37.9,18.0,13.0,0.0,1,0,0,0,0,0,1,933,1030.41
2016-01-21,23672,13.704975639292549,32.6,37.9,28.0,10.8,0.0,1,0,0,0,1,0,0,934,1062.76
2016-01-22,20950,14.860442322991252,27.3,37.9,21.9,10.5,0.0,1,0,0,0,0,0,0,935,745.2900000000001
2016-01-27,6761,17.99047231671843,44.4,48.9,35.1,10.3,0.01,1,0,0,0,0,0,1,940,1971.36
2016-01-28,11946,16.815265918857076,37.9,48.0,28.9,5.4,0.0,1,0,0,0,1,0,0,941,1436.4099999999999
2016-01-29,16028,14.059549954246732,39.8,44.1,28.9,8.0,0.0,1,0,0,0,0,0,0,942,1584.0399999999997
2016-01-30,12973,15.28683290937588,34.0,42.1,30.0,10.4,0.0,1,0,1,0,0,0,0,943,1156.0
2016-01-31,16118,16.035860528601567,42.4,55.9,30.0,6.8,0.0,1,0,0,1,0,0,0,944,1797.76
2016-02-01,24334,13.25067943344018,50.5,59.0,37.0,6.5,0.0,2,1,0,0,0,0,0,945,2550.25
2016-02-02,28528,14.370903439895306,45.5,59.0,37.9,5.0,0.0,2,0,0,0,0,1,0,946,2070.25
2016-02-03,16203,11.663013022279827,48.1,57.0,37.9,9.0,0.0,2,0,0,0,0,0,1,947,2313.61
2016-02-04,27766,15.73333213282432,54.0,57.9,42.1,8.2,0.69,2,0,0,0,1,0,0,948,2916.0
2016-02-05,13670,13.922404291636187,39.4,57.9,32.0,13.7,0.31,2,0,0,0,0,0,0,949,1552.36
2016-02-06,16933,16.37174255398728,36.0,44.1,32.0,9.3,0.05,2,0,1,0,0,0,0,950,1296.0
2016-02-07,17605,15.890264129508658,39.6,46.0,32.0,5.0,0.0,2,0,0,1,0,0,0,951,1568.16
2016-02-08,19026,12.806705736010372,36.7,39.9,30.2,13.5,0.0,2,1,0,0,0,0,0,952,1346.89
2016-02-09,22741,13.106703750934434,30.2,41.0,27.0,8.3,0.06,2,0,0,0,0,1,0,953,912.04
2016-02-10,22420,13.478496134403809,35.4,39.9,27.0,7.6,0.01,2,0,0,0,0,0,1,954,1253.1599999999999
2016-02-12,16449,15.26337163353395,21.7,32.0,17.1,12.3,0.05,2,0,0,0,0,0,0,956,470.89
2016-02-13,6625,13.904042767295598,21.6,27.0,10.9,17.0,0.0,2,0,1,0,0,0,0,957,466.56000000000006
2016-02-14,4653,15.776377247653848,8.3,24.1,1.0,15.8,0.0,2,0,0,1,0,0,0,958,68.89000000000001
2016-02-15,5884,11.87324382506232,19.1,30.9,1.0,6.2,0.0,2,1,0,0,0,0,0,959,364.81000000000006
2016-02-16,14542,12.414541787007746,46.1,57.2,30.9,13.4,0.49,2,0,0,0,0,1,0,960,2125.21
2016-02-17,23572,12.860501159567852,39.9,57.0,35.1,12.6,0.8,2,0,0,0,0,0,1,961,1592.01
2016-02-18,22261,14.31494392285462,33.9,41.0,28.9,12.8,0.0,2,0,0,0,1,0,0,962,1149.2099999999998
2016-02-19,21959,13.206008925725213,30.2,37.4,25.0,7.6,0.0,2,0,0,0,0,0,0,963,912.04
2016-02-20,24484,20.461634128410388,47.4,62.1,25.0,10.1,0.0,2,0,1,0,0,0,0,964,2246.7599999999998
2016-02-21,20052,19.63728057051665,53.1,62.1,39.9,8.4,0.0,2,0,0,1,0,0,0,965,2819.61
2016-02-22,28233,14.050746762063303,46.0,57.0,39.0,6.1,0.05,2,1,0,0,0,0,0,966,2116.0
2016-02-23,16133,12.878113184156696,38.8,53.1,36.0,13.0,0.0,2,0,0,0,0,1,0,967,1505.4399999999998
2016-02-24,9761,11.923438513813478,39.8,55.4,35.6,14.0,0.3,2,0,0,0,0,0,1,968,1584.0399999999997
2016-02-25,25102,12.41208203861578,52.7,61.0,36.0,17.1,1.48,2,0,0,0,1,0,0,969,2777.2900000000004
2016-02-26,22573,12.972426497733275,36.6,41.0,33.1,17.7,0.02,2,0,0,0,0,0,0,970,1339.5600000000002
2016-02-27,17226,16.94913986609389,32.6,42.1,28.0,11.5,0.0,2,0,1,0,0,0,0,971,1062.76
2016-02-28,25437,20.95710120428248,46.3,61.0,28.0,10.1,0.0,2,0,0,1,0,0,0,972,2143.6899999999996
2016-02-29,27954,13.3147092843004,51.2,61.0,39.0,9.4,0.0,2,1,0,0,0,0,0,973,2621.4400000000005
2016-03-01,30509,15.124711287379682,46.6,61.0,39.9,11.4,0.07,3,0,0,0,0,1,0,974,2171.56
2016-03-02,26195,13.53202074187186,46.5,55.9,36.0,15.1,0.17,3,0,0,0,0,0,1,975,2162.25
2016-03-03,24061,13.285572087610657,31.5,36.0,27.0,11.9,0.0,3,0,0,0,1,0,0,976,992.25
2016-03-04,17369,12.661628955802485,33.7,42.1,27.0,10.0,0.04,3,0,0,0,0,0,0,977,1135.6900000000003
2016-03-05,18023,16.74782962510866,34.8,42.1,30.0,9.4,0.04,3,0,1,0,0,0,0,978,1211.0399999999997
2016-03-06,18832,16.345742176437273,37.8,46.9,30.0,4.5,0.0,3,0,0,1,0,0,0,979,1428.8399999999997
2016-03-07,31492,16.197380287057026,45.1,61.0,33.1,9.3,0.0,3,1,0,0,0,0,0,980,2034.0100000000002
2016-03-08,36521,15.03219061179413,53.9,64.0,37.0,5.8,0.0,3,0,0,0,0,1,0,981,2905.21
2016-03-09,41490,18.32860287619507,54.0,75.0,41.0,5.3,0.0,3,0,0,0,0,0,1,982,2916.0
2016-03-10,42252,17.652698886048793,70.0,78.1,64.0,6.7,0.0,3,0,0,0,1,0,0,983,4900.0
2016-03-11,38195,18.2754077758869,61.2,78.1,54.0,9.7,0.04,3,0,0,0,0,0,0,984,3745.4400000000005
2016-03-12,32771,22.65650524345713,49.6,66.0,41.0,7.2,0.0,3,0,1,0,0,0,0,985,2460.1600000000003
2016-03-13,27550,22.44610889292196,56.7,64.0,41.0,5.6,0.0,3,0,0,1,0,0,0,986,3214.8900000000003
2016-03-14,10930,12.241709362610552,47.6,64.0,41.0,12.0,0.02,3,1,0,0,0,0,0,987,2265.76
2016-03-15,31596,15.491558530615686,48.0,57.0,41.0,12.8,0.17,3,0,0,0,0,1,0,988,2304.0
2016-03-16,36067,16.425101431594896,53.5,64.9,44.1,3.2,0.0,3,0,0,0,0,0,1,989,2862.25
2016-03-17,35390,16.212757370255257,52.2,64.9,45.0,7.6,0.02,3,0,0,0,1,0,0,990,2724.84
2016-03-18,34647,15.460024917982318,53.0,64.0,45.0,13.3,0.04,3,0,0,0,0,0,0,991,2809.0
2016-03-19,24048,18.363905522288757,43.5,57.0,37.0,7.0,0.0,3,0,1,0,0,0,0,992,1892.25
2016-03-20,16678,19.044263900547627,38.9,46.9,33.1,12.7,0.0,3,0,0,1,0,0,0,993,1513.2099999999998
2016-03-21,26414,13.608512531233435,39.6,50.0,33.1,10.4,0.14,3,1,0,0,0,0,0,994,1568.16
2016-03-22,33497,15.566450726930771,43.8,55.0,37.0,13.6,0.07,3,0,0,0,0,1,0,995,1918.4399999999998
2016-03-23,40983,17.209375838762412,57.4,71.1,50.0,9.1,0.0,3,0,0,0,0,0,1,996,3294.7599999999998
2016-03-24,36495,15.03523542037722,50.1,71.1,44.1,11.2,0.0,3,0,0,0,1,0,0,997,2510.01
2016-03-25,34097,19.251851580295437,55.9,73.0,44.1,7.9,0.0,3,0,0,0,0,0,0,998,3124.81
2016-03-26,27478,25.452501395055428,47.0,73.0,39.0,10.5,0.07,3,0,1,0,0,0,0,999,2209.0
2016-03-27,22483,21.431044196355764,45.8,54.0,39.0,6.8,0.0,3,0,0,1,0,0,0,1000,2097.64
2016-03-28,20345,14.65862947489145,47.3,62.1,42.8,11.2,0.19,3,1,0,0,0,0,0,1001,2237.2899999999995
2016-03-29,31481,14.373479770867087,49.7,63.0,43.0,21.8,0.32,3,0,0,0,0,1,0,1002,2470.09
2016-03-30,33684,16.178734216047186,45.4,53.1,39.0,10.7,0.0,3,0,0,0,0,0,1,1003,2061.16
2016-03-31,38348,18.08265793957095,57.2,70.0,39.0,11.1,0.0,3,0,0,0,1,0,0,1004,3271.84
2016-04-01,34449,17.703992859008977,62.6,79.0,48.9,9.1,0.0,4,0,0,0,0,0,0,1005,3918.76
2016-04-02,21839,18.66131919959705,56.3,79.0,48.9,6.9,0.01,4,0,1,0,0,0,0,1006,3169.6899999999996
2016-04-03,15322,18.47535134664752,42.3,61.0,35.1,19.7,0.24,4,0,0,1,0,0,0,1007,1789.2899999999997
2016-04-04,12302,11.236617352192058,39.7,50.0,35.1,9.4,0.11,4,1,0,0,0,0,0,1008,1576.0900000000001
2016-04-05,26238,15.076870061234343,33.3,45.0,27.0,13.3,0.5,4,0,0,0,0,1,0,1009,1108.8899999999999
2016-04-06,29365,15.281174300471084,39.0,48.0,27.0,9.9,0.0,4,0,0,0,0,0,1,1010,1521.0
2016-04-07,30402,13.857027498190906,52.0,60.1,32.0,12.8,0.0,4,0,0,0,1,0,0,1011,2704.0
2016-04-08,30817,16.405474792052008,48.9,60.1,44.1,13.7,0.15,4,0,0,0,0,0,0,1012,2391.21
2016-04-09,12702,20.65668267464441,41.1,46.9,37.4,8.1,0.0,4,0,1,0,0,0,0,1013,1689.21
2016-04-10,23229,20.43258713963867,40.5,50.0,33.1,11.5,0.07,4,0,0,1,0,0,0,1014,1640.25
2016-04-11,32048,14.77218131136628,50.2,61.0,33.1,11.7,0.0,4,1,0,0,0,0,0,1015,2520.0400000000004
2016-04-12,23765,13.98445332772284,53.2,61.0,44.1,10.9,0.04,4,0,0,0,0,1,0,1016,2830.2400000000002
2016-04-13,37539,15.087523642078905,48.4,57.9,42.1,8.8,0.19,4,0,0,0,0,0,1,1017,2342.56
2016-04-14,38505,16.65142059472797,49.9,61.0,42.1,6.5,0.0,4,0,0,0,1,0,0,1018,2490.0099999999998
2016-04-15,39676,15.267669371912492,50.8,63.0,43.0,5.2,0.0,4,0,0,0,0,0,0,1019,2580.64
2016-04-16,36148,21.125675002766407,52.6,64.9,44.1,6.7,0.0,4,0,1,0,0,0,0,1020,2766.76
2016-04-17,38843,24.61598228767088,55.8,73.9,45.0,4.5,0.0,4,0,0,1,0,0,0,1021,3113.64
2016-04-18,43994,17.210900350047737,62.5,80.1,48.0,4.4,0.0,4,1,0,0,0,0,0,1022,3906.25
2016-04-19,46075,15.246389943931996,65.5,80.1,48.9,8.6,0.0,4,0,0,0,0,1,0,1023,4290.25
2016-04-20,44547,17.056459095636814,58.8,69.1,51.1,10.7,0.0,4,0,0,0,0,0,1,1024,3457.4399999999996
2016-04-21,45570,15.98853631775291,58.8,70.0,50.0,8.2,0.0,4,0,0,0,1,0,0,1025,3457.4399999999996
2016-04-22,48815,19.96650756256615,70.0,78.1,50.0,7.1,0.0,4,0,0,0,0,0,0,1026,4900.0
2016-04-23,33647,23.983271911314528,66.5,78.1,61.0,8.7,0.14,4,0,1,0,0,0,0,1027,4422.25
2016-04-24,37866,23.70385570168489,56.5,69.1,48.0,9.7,0.0,4,0,0,1,0,0,0,1028,3192.25
2016-04-25,42308,17.729564542560905,56.6,68.0,48.0,6.5,0.0,4,1,0,0,0,0,0,1029,3203.56
2016-04-26,34643,16.306175850821234,54.4,68.0,50.0,9.4,0.19,4,0,0,0,0,1,0,1030,2959.3599999999997
2016-04-27,41931,17.220674043865717,51.1,57.9,46.4,7.9,0.11,4,0,0,0,0,0,1,1031,2611.21
2016-04-28,37428,15.516839442841368,53.3,60.1,46.9,8.3,0.0,4,0,0,0,1,0,0,1032,2840.89
2016-04-29,34878,18.54241260011086,52.0,59.0,48.0,7.8,0.0,4,0,0,0,0,0,0,1033,2704.0
2016-04-30,38258,25.188611096589828,52.8,63.0,46.9,6.2,0.02,4,0,1,0,0,0,0,1034,2787.8399999999997
2016-05-01,10697,14.554683556137237,50.1,63.0,46.9,7.3,0.0,5,0,0,1,0,0,0,1035,2510.01
2016-05-02,38537,17.375605694959813,50.6,61.0,44.6,6.1,0.15,5,1,0,0,0,0,0,1036,2560.36
2016-05-03,22858,16.129716073147254,54.5,62.1,45.0,7.3,0.73,5,0,0,0,0,1,0,1037,2970.25
2016-05-04,31619,13.670899880873312,51.3,55.0,48.9,9.0,0.07,5,0,0,0,0,0,1,1038,2631.6899999999996
2016-05-05,39903,15.95220701868698,51.8,57.9,46.9,11.6,0.02,5,0,0,0,1,0,0,1039,2683.24
2016-05-06,18860,14.942227819017322,52.2,57.9,46.9,13.0,0.38,5,0,0,0,0,0,0,1040,2724.84
2016-05-07,31078,20.77149055065749,52.3,57.2,48.2,8.7,0.18,5,0,1,0,0,0,0,1041,2735.2899999999995
2016-05-08,31197,21.02181833723328,55.4,64.9,48.9,9.8,0.07,5,0,0,1,0,0,0,1042,3069.16
2016-05-09,45724,17.347089420581458,62.9,73.9,48.9,9.9,0.08,5,1,0,0,0,0,0,1043,3956.41
2016-05-10,44849,15.381039339412991,59.1,73.9,51.1,7.6,0.0,5,0,0,0,0,1,0,1044,3492.81
2016-05-11,51181,16.62300365369962,63.0,73.9,51.1,5.4,0.0,5,0,0,0,0,0,1,1045,3969.0
2016-05-12,52273,16.94152462392949,66.2,78.1,53.1,5.7,0.0,5,0,0,0,1,0,0,1046,4382.4400000000005
2016-05-13,32391,16.224954462659383,61.6,78.1,55.9,5.7,0.0,5,0,0,0,0,0,0,1047,3794.5600000000004
2016-05-14,42063,23.048131770598072,66.2,73.0,57.9,6.8,0.25,5,0,1,0,0,0,0,1048,4382.4400000000005
2016-05-15,28661,20.68522266029332,56.0,73.0,48.0,15.4,0.0,5,0,0,1,0,0,0,1049,3136.0
2016-05-16,42787,17.327288272917777,52.8,68.0,44.1,16.9,0.0,5,1,0,0,0,0,0,1050,2787.8399999999997
2016-05-17,43396,15.650359480136414,62.3,68.0,44.1,9.2,0.0,5,0,0,0,0,1,0,1051,3881.2899999999995
2016-05-18,44803,16.130900088535736,59.3,69.1,55.0,7.2,0.0,5,0,0,0,0,0,1,1052,3516.49
2016-05-19,49182,16.14981700622179,60.9,71.1,55.0,5.3,0.0,5,0,0,0,1,0,0,1053,3708.81
2016-05-20,52543,18.39868139745858,64.4,78.1,55.9,5.7,0.0,5,0,0,0,0,0,0,1054,4147.360000000001
2016-05-21,30519,19.70429896130279,62.4,78.1,57.0,6.3,0.0,5,0,1,0,0,0,0,1055,3893.7599999999998
2016-05-22,37802,19.75768036964535,60.7,71.1,54.0,6.5,0.18,5,0,0,1,0,0,0,1056,3684.4900000000002
2016-05-23,48578,15.86535914748789,65.0,77.0,54.0,6.0,0.11,5,1,0,0,0,0,0,1057,4225.0
2016-05-24,34796,14.567491474115805,65.6,77.0,55.9,5.3,0.26,5,0,0,0,0,1,0,1058,4303.36
2016-05-25,53439,16.455156034606432,74.4,90.0,60.1,3.9,0.02,5,0,0,0,0,0,1,1059,5535.360000000001
2016-05-26,52133,15.946899916239872,82.2,91.9,60.1,7.2,0.0,5,0,0,0,1,0,0,1060,6756.84
2016-05-27,46937,17.44364005652968,76.6,91.9,55.0,7.2,0.0,5,0,0,0,0,0,0,1061,5867.5599999999995
2016-05-28,34222,21.96118432587224,79.9,91.9,66.9,8.4,0.0,5,0,1,0,0,0,0,1062,6384.010000000001
2016-05-29,36877,24.45147246251051,80.0,91.9,73.0,9.1,0.0,5,0,0,1,0,0,0,1063,6400.0
2016-05-30,32619,19.59295758095997,73.5,87.1,69.1,6.6,1.53,5,1,0,0,0,0,0,1064,5402.25
2016-05-31,49756,15.286392595867834,76.7,86.0,69.1,7.5,0.0,5,0,0,0,0,1,0,1065,5882.89
2016-06-01,54665,18.26995914509588,76.0,84.0,68.0,6.7,0.0,6,0,0,0,0,0,1,1066,5776.0
2016-06-02,54401,16.113568990766094,68.9,82.9,62.1,9.2,0.0,6,0,0,0,1,0,0,1067,4747.210000000001
2016-06-03,38975,15.665131922172332,66.3,73.9,62.1,6.3,0.0,6,0,0,0,0,0,0,1068,4395.69
2016-06-04,40977,21.640899773043405,72.8,82.9,63.0,5.5,0.02,6,0,1,0,0,0,0,1069,5299.839999999999
2016-06-05,22397,17.383874328407078,69.3,82.9,66.0,7.5,0.27,6,0,0,1,0,0,0,1070,4802.49
2016-06-06,52149,16.091471872263458,75.1,87.1,66.9,9.1,0.67,6,1,0,0,0,0,0,1071,5640.009999999999
2016-06-07,51812,15.050389549396536,79.3,87.1,68.0,9.1,0.0,6,0,0,0,0,1,0,1072,6288.49
2016-06-08,42250,13.552358185404342,64.9,87.1,55.0,13.0,0.01,6,0,0,0,0,0,1,1073,4212.010000000001
2016-06-09,52905,15.755235800018896,63.6,73.9,55.0,17.1,0.44,6,0,0,0,1,0,0,1074,4044.96
2016-06-10,53299,16.033148214162864,67.9,78.1,55.9,12.0,0.0,6,0,0,0,0,0,0,1075,4610.410000000001
2016-06-11,41030,18.50436956698351,74.6,90.0,59.0,7.0,0.0,6,0,1,0,0,0,0,1076,5565.159999999999
2016-06-12,40637,19.7286159575428,80.2,90.0,64.0,14.0,0.1,6,0,0,1,0,0,0,1077,6432.040000000001
2016-06-13,49069,15.06731405435883,66.0,86.0,59.0,16.9,0.0,6,1,0,0,0,0,0,1078,4356.0
2016-06-14,54813,15.484833889770671,69.0,81.0,59.0,11.2,0.0,6,0,0,0,0,1,0,1079,4761.0
2016-06-15,55049,15.635799620943764,75.3,87.1,60.1,6.2,0.0,6,0,0,0,0,0,1,1080,5670.089999999999
2016-06-16,46198,14.328816904050685,73.3,87.1,66.0,4.4,0.12,6,0,0,0,1,0,0,1081,5372.889999999999
2016-06-17,54236,16.92154841802493,71.2,77.0,66.0,6.4,0.0,6,0,0,0,0,0,0,1082,5069.4400000000005
2016-06-18,48901,20.863376345405342,73.0,86.0,63.0,5.3,0.0,6,0,1,0,0,0,0,1083,5329.0
2016-06-19,45270,21.224787570871065,75.1,86.0,63.0,7.5,0.0,6,0,0,1,0,0,0,1084,5640.009999999999
2016-06-20,52247,15.858149431227313,73.4,84.0,66.0,6.9,0.0,6,1,0,0,0,0,0,1085,5387.56
2016-06-21,53564,14.265951323027902,80.8,89.1,66.0,10.0,0.0,6,0,0,0,0,1,0,1086,6528.639999999999
2016-06-22,55749,15.746382894760448,77.9,89.1,66.9,8.8,0.0,6,0,0,0,0,0,1,1087,6068.410000000001
2016-06-23,53206,14.599842749564589,74.3,86.0,66.9,6.8,0.0,6,0,0,0,1,0,0,1088,5520.49
2016-06-24,54186,15.930940648876094,74.7,84.9,68.0,8.7,0.0,6,0,0,0,0,0,0,1089,5580.09
2016-06-25,43000,20.47097286821705,73.3,84.9,64.9,8.0,0.0,6,0,1,0,0,0,0,1090,5372.889999999999
2016-06-26,42992,19.894191555017976,75.8,86.0,64.9,7.5,0.0,6,0,0,1,0,0,0,1091,5745.639999999999
2016-06-27,47023,14.955021656069016,75.7,86.0,69.1,9.9,0.0,6,1,0,0,0,0,0,1092,5730.490000000001
2016-06-28,49593,14.70521310131134,72.6,84.0,69.1,9.3,0.54,6,0,0,0,0,1,0,1093,5270.759999999999
2016-06-29,54882,14.842684304507852,75.7,87.1,70.0,5.5,0.07,6,0,0,0,0,0,1,1094,5730.490000000001
2016-06-30,54843,14.29440402603796,77.6,87.1,70.0,6.9,0.0,6,0,0,0,1,0,0,1095,6021.759999999999
2016-07-01,39669,17.03590839194333,76.9,87.1,70.0,8.4,0.0,7,0,0,0,0,0,0,1096,5913.610000000001
2016-07-02,35837,20.68864953353611,72.9,81.0,68.0,11.5,0.28,7,0,1,0,0,0,0,1097,5314.410000000001
2016-07-03,35348,23.12733818037796,75.4,82.0,68.0,7.3,0.0,7,0,0,1,0,0,0,1098,5685.160000000001
2016-07-04,34860,20.668269745649265,76.7,86.0,69.1,7.8,0.0,7,1,0,0,0,0,0,1099,5882.89
2016-07-05,43744,14.842111299073396,76.0,89.1,69.1,6.3,1.08,7,0,0,0,0,1,0,1100,5776.0
2016-07-06,51353,14.844884102843718,85.8,96.1,69.1,5.3,0.57,7,0,0,0,0,0,1,1101,7361.639999999999
2016-07-07,48742,14.107261704484838,85.1,96.1,77.0,7.3,0.0,7,0,0,0,1,0,0,1102,7242.009999999999
2016-07-08,44419,16.50200477273239,78.8,93.0,73.9,6.5,0.02,7,0,0,0,0,0,0,1103,6209.44
2016-07-09,38142,17.58379695174174,70.3,86.0,66.0,9.0,0.01,7,0,1,0,0,0,0,1104,4942.089999999999
2016-07-10,41991,20.965287799766624,73.0,81.0,66.9,7.0,0.41,7,0,0,1,0,0,0,1105,5329.0
2016-07-11,52870,15.011559170291909,74.5,82.0,68.5,8.7,0.0,7,1,0,0,0,0,0,1106,5550.25
2016-07-12,56537,16.041030062908657,76.6,84.0,69.1,8.1,0.0,7,0,0,0,0,1,0,1107,5867.5599999999995
2016-07-13,55486,16.676759302646918,78.1,86.0,71.1,8.8,0.0,7,0,0,0,0,0,1,1108,6099.609999999999
2016-07-14,50350,15.634059582919564,80.4,91.0,73.0,7.8,0.0,7,0,0,0,1,0,0,1109,6464.160000000001
2016-07-15,48572,15.101955173076398,86.6,91.9,75.0,6.4,0.5,7,0,0,0,0,0,0,1110,7499.559999999999
2016-07-16,38406,18.1265869916159,84.1,91.9,77.0,8.0,0.0,7,0,1,0,0,0,0,1111,7072.8099999999995
2016-07-17,41347,20.469013068259684,83.1,93.0,77.0,5.1,0.0,7,0,0,1,0,0,0,1112,6905.609999999999
2016-07-18,43687,15.443204690945436,86.3,97.0,77.0,8.5,0.0,7,1,0,0,0,0,0,1113,7447.69
2016-07-19,54593,15.406976474395371,80.2,97.0,75.9,10.9,0.12,7,0,0,0,0,1,0,1114,6432.040000000001
2016-07-20,57225,15.270819571865443,77.9,88.0,71.1,7.2,0.0,7,0,0,0,0,0,1,1115,6068.410000000001
2016-07-21,54842,15.428570560276189,80.9,91.0,71.1,8.3,0.0,7,0,0,0,1,0,0,1116,6544.810000000001
2016-07-22,49191,15.723654394774108,85.1,98.1,75.0,11.3,0.0,7,0,0,0,0,0,0,1117,7242.009999999999
2016-07-23,37523,18.093327647931485,89.5,99.0,75.9,11.0,0.0,7,0,1,0,0,0,0,1118,8010.25
2016-07-24,39637,21.143647349698504,85.2,99.0,75.9,7.0,0.0,7,0,0,1,0,0,0,1119,7259.040000000001
2016-07-25,35379,14.396699077607243,84.3,93.9,75.9,8.2,0.02,7,1,0,0,0,0,0,1120,7106.49
2016-07-26,52912,15.43907966686826,81.7,93.9,75.0,8.3,0.77,7,0,0,0,0,1,0,1121,6674.89
2016-07-27,54163,15.90347500446184,84.5,93.9,75.0,6.6,0.0,7,0,0,0,0,0,1,1122,7140.25
2016-07-28,50151,14.93021142815364,84.7,93.9,77.0,6.1,0.0,7,0,0,0,1,0,0,1123,7174.09
2016-07-29,37703,15.571842205306384,78.1,93.9,71.1,8.3,0.89,7,0,0,0,0,0,0,1124,6099.609999999999
2016-07-30,27780,17.541447684185265,78.4,84.9,71.1,7.2,0.13,7,0,1,0,0,0,0,1125,6146.560000000001
2016-07-31,27651,16.08520547780069,77.7,84.0,75.0,8.1,0.18,7,0,0,1,0,0,0,1126,6037.290000000001
2016-08-01,49401,15.414388710080097,74.2,82.9,71.1,10.4,0.57,8,1,0,0,0,0,0,1127,5505.64
2016-08-02,56764,14.986372231226364,74.2,80.1,71.1,10.5,0.0,8,0,0,0,0,1,0,1128,5505.64
2016-08-03,57003,15.262554017624804,74.2,81.0,68.0,7.5,0.0,8,0,0,0,0,0,1,1129,5505.64
2016-08-04,56604,16.344651143617646,75.6,84.0,68.0,5.9,0.0,8,0,0,0,1,0,0,1130,5715.359999999999
2016-08-05,53297,16.13703210312025,77.4,86.0,70.0,8.1,0.0,8,0,0,0,0,0,0,1131,5990.760000000001
2016-08-06,44213,19.81680275032231,80.8,91.0,72.0,8.8,0.0,8,0,1,0,0,0,0,1132,6528.639999999999
2016-08-07,43631,19.05328894593293,81.5,91.0,73.9,9.2,0.0,8,0,0,1,0,0,0,1133,6642.25
2016-08-08,52262,15.647659229778174,80.8,89.1,73.9,7.1,0.0,8,1,0,0,0,0,0,1134,6528.639999999999
2016-08-09,56112,14.844586125368313,80.8,89.1,75.0,6.5,0.0,8,0,0,0,0,1,0,1135,6528.639999999999
2016-08-10,50114,14.844030942783784,81.5,89.1,75.0,9.3,0.01,8,0,0,0,0,0,1,1136,6642.25
2016-08-11,47430,14.217371565113504,86.8,97.0,75.9,7.2,0.05,8,0,0,0,1,0,0,1137,7534.24
2016-08-12,44750,16.519986964618248,86.5,98.1,75.9,7.9,0.56,8,0,0,0,0,0,0,1138,7482.25
2016-08-13,38912,18.48750856633772,89.2,98.1,75.9,7.0,0.07,8,0,1,0,0,0,0,1139,7956.64
2016-08-14,32961,17.3953884894269,90.7,97.0,82.0,8.6,0.0,8,0,0,1,0,0,0,1140,8226.49
2016-08-15,49063,14.4203972443593,84.6,98.1,78.1,5.6,0.01,8,1,0,0,0,0,0,1141,7157.159999999999
2016-08-16,50426,14.790182643874193,84.9,93.0,78.1,9.0,0.0,8,0,0,0,0,1,0,1142,7208.010000000001
2016-08-17,53989,15.480586786197184,82.8,91.0,78.1,11.7,0.13,8,0,0,0,0,0,1,1143,6855.839999999999
2016-08-18,53218,15.552684242173704,80.3,88.0,75.0,5.4,0.02,8,0,0,0,1,0,0,1144,6448.089999999999
2016-08-19,51669,16.083249143587064,81.6,89.1,75.0,6.6,0.0,8,0,0,0,0,0,0,1145,6658.5599999999995
2016-08-20,45817,21.147449636597766,79.0,89.1,75.0,6.3,0.02,8,0,1,0,0,0,0,1146,6241.0
2016-08-21,35051,20.343998269188717,80.7,89.1,75.0,9.7,0.12,8,0,0,1,0,0,0,1147,6512.490000000001
2016-08-22,54404,15.145024569271866,76.0,89.1,71.1,15.1,0.13,8,1,0,0,0,0,0,1148,5776.0
2016-08-23,58674,16.090486416470668,74.3,84.0,66.9,6.4,0.0,8,0,0,0,0,1,0,1149,5520.49
2016-08-24,58154,15.984386571287736,78.6,89.1,66.9,6.4,0.0,8,0,0,0,0,0,1,1150,6177.959999999999
2016-08-25,53487,16.07905721639526,78.6,89.1,71.1,10.6,0.0,8,0,0,0,1,0,0,1151,6177.959999999999
2016-08-26,52037,16.2612874813434,83.6,91.0,73.0,8.7,0.01,8,0,0,0,0,0,0,1152,6988.959999999999
2016-08-27,45674,19.996362262994268,82.4,91.0,75.9,8.2,0.0,8,0,1,0,0,0,0,1153,6789.760000000001
2016-08-28,44639,19.585727353510013,80.7,89.1,73.9,6.3,0.0,8,0,0,1,0,0,0,1154,6512.490000000001
2016-08-29,53288,15.807719686733725,82.1,91.0,73.9,8.6,0.0,8,1,0,0,0,0,0,1155,6740.409999999999
2016-08-30,57405,15.320482246029671,79.0,91.0,72.0,9.0,0.0,8,0,0,0,0,1,0,1156,6241.0
2016-08-31,57214,14.513126157933376,80.5,90.0,72.0,7.5,0.0,8,0,0,0,0,0,1,1157,6480.25
2016-09-01,38187,13.335008423459987,76.9,90.0,73.0,5.6,0.03,9,0,0,0,1,0,0,1158,5913.610000000001
2016-09-02,53007,16.309208217782558,75.0,82.9,68.0,9.2,0.31,9,0,0,0,0,0,0,1159,5625.0
2016-09-03,41630,19.121974137240773,73.5,82.9,68.0,10.8,0.0,9,0,1,0,0,0,0,1160,5402.25
2016-09-04,46023,21.00148874837943,72.1,81.0,66.0,9.5,0.0,9,0,0,1,0,0,0,1161,5198.409999999999
2016-09-05,45436,19.362901663878855,73.8,84.0,66.0,10.8,0.0,9,1,0,0,0,0,0,1162,5446.44
2016-09-06,52447,14.600942221035837,77.8,84.0,66.9,15.2,0.0,9,0,0,0,0,1,0,1163,6052.839999999999
2016-09-07,60500,15.659115977961427,77.2,86.0,71.6,11.2,0.01,9,0,0,0,0,0,1,1164,5959.84
2016-09-08,61596,14.53753896356906,79.0,88.0,72.0,6.0,0.0,9,0,0,0,1,0,0,1165,6241.0
2016-09-09,56813,14.743081982410136,86.5,93.0,73.0,7.5,0.0,9,0,0,0,0,0,0,1166,7482.25
2016-09-10,48455,17.35795755511987,82.2,93.0,75.9,7.1,0.05,9,0,1,0,0,0,0,1167,6756.84
2016-09-11,52245,19.226808626024827,80.6,91.0,75.9,11.5,0.0,9,0,0,1,0,0,0,1168,6496.359999999999
2016-09-12,61103,16.01317911286407,71.3,84.0,64.0,8.2,0.0,9,1,0,0,0,0,0,1169,5083.69
2016-09-13,64839,15.124181691060418,73.2,82.0,64.0,7.7,0.0,9,0,0,0,0,1,0,1170,5358.240000000001
2016-09-14,59203,14.403582307202898,78.0,91.9,68.0,8.5,0.0,9,0,0,0,0,0,1,1171,6084.0
2016-09-15,67331,15.071359403543685,70.4,91.9,63.0,10.3,0.37,9,0,0,0,1,0,0,1172,4956.160000000001
2016-09-16,65275,15.404889825098936,68.5,75.0,63.0,6.4,0.0,9,0,0,0,0,0,0,1173,4692.25
2016-09-17,59200,19.254599662162164,69.2,78.1,64.0,6.3,0.0,9,0,1,0,0,0,0,1174,4788.64
2016-09-18,51686,17.32267312876472,76.3,84.9,64.0,8.8,0.0,9,0,0,1,0,0,0,1175,5821.69
2016-09-19,34217,13.569371949615688,75.2,84.9,72.0,5.9,0.31,9,1,0,0,0,0,0,1176,5655.040000000001
2016-09-20,64891,14.961962881344617,75.4,84.0,71.1,5.1,0.47,9,0,0,0,0,1,0,1177,5685.160000000001
2016-09-21,65463,14.889102240960536,77.6,84.9,71.1,4.0,0.0,9,0,0,0,0,0,1,1178,6021.759999999999
2016-09-22,67810,14.72663569778302,76.8,86.0,70.0,5.8,0.0,9,0,0,0,1,0,0,1179,5898.24
2016-09-23,65517,15.437967245142485,77.2,89.1,69.1,4.3,0.0,9,0,0,0,0,0,0,1180,5959.84
2016-09-24,53259,17.90572078584527,68.5,89.1,59.0,9.5,0.44,9,0,1,0,0,0,0,1181,4692.25
2016-09-25,53568,18.01082362604541,64.2,72.0,57.9,6.8,0.2,9,0,0,1,0,0,0,1182,4121.64
2016-09-26,61386,14.318692644359729,65.6,73.0,57.0,7.2,0.0,9,1,0,0,0,0,0,1183,4303.36
2016-09-27,61346,14.143505960725506,70.5,75.9,57.0,8.4,0.15,9,0,0,0,0,1,0,1184,4970.25
2016-09-28,59464,13.587116574734292,67.6,75.9,62.1,10.8,0.0,9,0,0,0,0,0,1,1185,4569.759999999999
2016-09-29,55578,12.945873966917368,63.2,71.1,60.1,18.2,0.0,9,0,0,0,1,0,0,1186,3994.2400000000002
2016-09-30,21381,11.513554869588262,62.1,66.9,60.1,21.8,0.0,9,0,0,0,0,0,0,1187,3856.4100000000003
2017-04-01,23849,18.603828252756927,42.2,48.0,39.0,17.2,1.78,4,0,1,0,0,0,0,1370,1780.8400000000001
2017-04-02,39780,23.513796715267297,50.6,63.0,39.0,9.7,0.01,4,0,0,1,0,0,0,1371,2560.36
2017-04-03,43485,18.119450768464212,56.4,63.0,43.0,7.0,0.0,4,1,0,0,0,0,0,1372,3180.96
2017-04-04,29991,16.879809498405084,50.1,63.0,45.0,11.3,1.6,4,0,0,0,0,1,0,1373,2510.01
2017-04-05,47636,19.631894295630765,51.7,63.0,45.0,5.4,0.03,4,0,0,0,0,0,1,1374,2672.8900000000003
2017-04-06,18020,16.070371809100997,46.0,53.1,42.8,12.1,0.02,4,0,0,0,1,0,0,1375,2116.0
2017-04-07,35779,12.251440789289807,50.1,54.0,43.0,13.2,0.83,4,0,0,0,0,0,0,1376,2510.01
2017-04-08,35936,19.26489499851588,47.4,57.9,42.1,16.0,0.0,4,0,1,0,0,0,0,1377,2246.7599999999998
2017-04-09,43896,23.29974523115241,54.4,68.0,42.1,8.8,0.0,4,0,0,1,0,0,0,1378,2959.3599999999997
2017-04-10,50424,21.01831006399069,61.3,73.0,46.0,7.6,0.0,4,1,0,0,0,0,0,1379,3757.6899999999996
2017-04-11,57310,23.40955795963475,67.4,78.1,52.0,7.9,0.0,4,0,0,0,0,1,0,1380,4542.760000000001
2017-04-12,51188,14.593362376598684,63.9,78.1,54.0,4.3,0.0,4,0,0,0,0,0,1,1381,4083.21
2017-04-13,52915,15.516411540520966,58.5,77.0,50.0,9.8,0.03,4,0,0,0,1,0,0,1382,3422.25
2017-04-14,52232,19.175458212079445,57.2,66.0,50.0,7.1,0.0,4,0,0,0,0,0,0,1383,3271.84
2017-04-15,42531,19.468383061766723,57.2,66.0,50.0,8.4,0.0,4,0,1,0,0,0,0,1384,3271.84
2017-04-16,48140,30.834774269491763,70.8,88.0,52.0,9.5,0.0,4,0,0,1,0,0,0,1385,5012.639999999999
2017-04-17,53247,15.313219524104642,70.9,88.0,60.1,12.2,0.0,4,1,0,0,0,0,0,1386,5026.81
2017-04-18,53809,14.697618737881518,59.2,73.0,51.1,10.2,0.0,4,0,0,0,0,1,0,1387,3504.6400000000003
2017-04-19,45787,12.65950961335459,50.0,64.9,46.0,11.0,0.0,4,0,0,0,0,0,1,1388,2500.0
2017-04-20,44264,19.71114788541479,54.4,66.0,46.0,6.7,0.19,4,0,0,0,1,0,0,1389,2959.3599999999997
2017-04-21,39868,13.169335891776194,52.3,66.0,48.9,11.2,0.3,4,0,0,0,0,0,0,1390,2735.2899999999995
2017-04-22,34596,16.98624841022084,51.8,55.9,48.0,6.9,0.02,4,0,1,0,0,0,0,1391,2683.24
2017-04-23,49107,20.696603674968255,54.7,64.9,48.0,7.0,0.07,4,0,0,1,0,0,0,1392,2992.09
2017-04-24,48692,14.031161860949096,53.5,64.9,48.0,6.0,0.0,4,1,0,0,0,0,0,1393,2862.25
2017-04-25,20332,11.593425798413012,52.8,59.0,48.0,16.3,0.07,4,0,0,0,0,1,0,1394,2787.8399999999997
2017-04-26,37727,12.711058834963469,55.2,62.1,50.0,11.9,0.73,4,0,0,0,0,0,1,1395,3047.0400000000004
2017-04-27,52035,14.989963486115114,62.0,69.1,53.1,5.1,0.13,4,0,0,0,1,0,0,1396,3844.0
2017-04-28,62199,16.74281017379701,66.6,84.9,55.0,5.9,0.01,4,0,0,0,0,0,0,1397,4435.5599999999995
2017-04-29,57701,22.421804936945055,76.9,88.0,55.0,8.8,0.06,4,0,1,0,0,0,0,1398,5913.610000000001
2017-04-30,42928,17.93472442228849,64.7,88.0,55.9,10.1,0.0,4,0,0,1,0,0,0,1399,4186.09
2017-05-01,56218,15.693653574774396,55.9,73.0,50.0,9.3,0.0,5,1,0,0,0,0,0,1400,3124.81
2017-05-02,61207,17.978807979479463,70.5,78.1,50.0,12.9,0.0,5,0,0,0,0,1,0,1401,4970.25
2017-05-03,59252,17.574413240621983,64.3,78.1,61.0,14.1,0.0,5,0,0,0,0,0,1,1402,4134.49
2017-05-04,57429,16.83536424686714,57.7,66.9,51.1,8.9,0.0,5,0,0,0,1,0,0,1403,3329.2900000000004
2017-05-05,24009,12.928580254626738,56.0,66.0,51.1,11.4,0.01,5,0,0,0,0,0,0,1404,3136.0
2017-05-06,46618,17.841924792998416,62.4,66.9,53.1,13.8,2.31,5,0,1,0,0,0,0,1405,3893.7599999999998
2017-05-07,34293,15.373477094450768,56.1,66.9,53.1,12.2,0.01,5,0,0,1,0,0,0,1406,3147.21
2017-05-08,51553,14.057762561506282,53.4,62.1,48.0,12.5,0.0,5,1,0,0,0,0,0,1407,2851.56
2017-05-09,56461,13.922706528990512,55.6,64.0,48.0,9.2,0.0,5,0,0,0,0,1,0,1408,3091.36
2017-05-10,58454,15.490982938150792,56.8,64.9,48.9,6.2,0.0,5,0,0,0,0,0,1,1409,3226.24
2017-05-11,57208,13.885394525241226,57.1,64.9,52.0,6.4,0.0,5,0,0,0,1,0,0,1410,3260.4100000000003
2017-05-12,56675,14.96593706807822,56.5,64.0,52.0,6.9,0.0,5,0,0,0,0,0,0,1411,3192.25
2017-05-13,5704,19.46897206638616,53.2,55.9,48.0,11.1,0.13,5,0,1,0,0,0,0,1412,2830.2400000000002
2017-05-14,38729,17.56719770714452,55.4,70.0,46.9,13.4,1.61,5,0,0,1,0,0,0,1413,3069.16
2017-05-15,54715,14.22002954704682,61.7,70.0,46.9,17.8,0.01,5,1,0,0,0,0,0,1414,3806.8900000000003
2017-05-16,64504,15.439990026458306,68.8,82.9,54.0,10.3,0.0,5,0,0,0,0,1,0,1415,4733.44
2017-05-17,65794,17.138806476781067,79.2,93.9,59.0,6.8,0.0,5,0,0,0,0,0,1,1416,6272.64
2017-05-18,63753,15.253955892271737,88.1,97.0,66.0,10.1,0.0,5,0,0,0,1,0,0,1417,7761.609999999999
2017-05-19,62143,15.827023156268613,87.9,97.0,80.1,11.0,0.0,5,0,0,0,0,0,0,1418,7726.410000000001
2017-05-20,47859,18.145077205959176,67.3,96.1,61.0,10.9,0.01,5,0,1,0,0,0,0,1419,4529.29
2017-05-21,54874,21.24599476376183,62.4,71.1,57.0,7.9,0.0,5,0,0,1,0,0,0,1420,3893.7599999999998
2017-05-22,24627,12.423489124402757,59.8,71.1,57.0,7.5,0.11,5,1,0,0,0,0,0,1421,3576.0399999999995
2017-05-23,60032,15.90623278695807,63.4,70.0,57.0,4.9,0.53,5,0,0,0,0,1,0,1422,4019.56
2017-05-24,60622,16.644185279271554,62.8,70.0,57.0,7.4,0.03,5,0,0,0,0,0,1,1423,3943.8399999999997
2017-05-25,17495,11.630573497189674,58.4,69.1,55.9,11.7,0.1,5,0,0,0,1,0,0,1424,3410.56
2017-05-26,53768,17.63370654168526,63.5,75.9,55.9,11.1,0.89,5,0,0,0,0,0,0,1425,4032.25
2017-05-27,46534,20.08462092233636,67.4,75.9,57.0,8.0,0.12,5,0,1,0,0,0,0,1426,4542.760000000001
2017-05-28,46727,24.947691199235276,64.5,72.0,57.9,6.8,0.0,5,0,0,1,0,0,0,1427,4160.25
2017-05-29,26322,15.230585315198944,59.1,71.1,55.9,9.5,0.13,5,1,0,0,0,0,0,1428,3492.81
2017-05-30,50194,14.597552164269302,58.3,64.0,55.0,7.6,0.03,5,0,0,0,0,1,0,1429,3398.89
2017-05-31,59495,15.222119785976412,63.1,78.1,55.0,6.6,0.08,5,0,0,0,0,0,1,1430,3981.61
2017-06-01,67403,15.789940111468828,69.4,82.0,57.9,6.9,0.05,6,0,0,0,1,0,0,1431,4816.360000000001
2017-06-02,66907,16.27208637860513,70.6,82.0,60.1,8.8,0.0,6,0,0,0,0,0,0,1432,4984.359999999999
2017-06-03,56264,19.403297549646904,66.1,79.0,59.0,9.2,0.0,6,0,1,0,0,0,0,1433,4369.209999999999
2017-06-04,40138,17.706767070274218,66.0,73.9,59.0,6.3,0.0,6,0,0,1,0,0,0,1434,4356.0
2017-06-05,55883,15.63976999564567,61.8,71.1,59.0,7.9,0.06,6,1,0,0,0,0,0,1435,3819.24
2017-06-06,41268,12.379238554489358,58.0,66.9,55.0,11.5,0.02,6,0,0,0,0,1,0,1436,3364.0
2017-06-07,64453,15.883515119544477,58.6,70.0,52.0,8.0,0.03,6,0,0,0,0,0,1,1437,3433.96
2017-06-08,62653,15.59040562037465,63.9,71.1,52.0,5.4,0.0,6,0,0,0,1,0,0,1438,4083.21
2017-06-09,66506,19.48697310518349,66.7,82.9,55.9,7.2,0.0,6,0,0,0,0,0,0,1439,4448.89
2017-06-10,57087,21.40779103240084,78.1,88.0,55.9,7.6,0.0,6,0,1,0,0,0,0,1440,6099.609999999999
2017-06-11,51427,20.406840116410965,83.7,93.9,66.9,9.0,0.0,6,0,0,1,0,0,0,1441,7005.6900000000005
2017-06-12,57871,15.694316669834627,86.7,96.1,75.0,8.5,0.0,6,1,0,0,0,0,0,1442,7516.89
2017-06-13,60921,15.213903798908968,89.7,100.9,75.9,8.5,0.0,6,0,0,0,0,1,0,1443,8046.09
2017-06-14,60513,17.423499633687534,78.8,93.9,71.6,7.8,0.48,6,0,0,0,0,0,1,1444,6209.44
2017-06-15,64763,18.414139503523103,70.7,82.9,64.0,8.1,0.02,6,0,0,0,1,0,0,1445,4998.490000000001
2017-06-16,56403,16.594723684910374,65.6,75.9,63.0,9.1,0.0,6,0,0,0,0,0,0,1446,4303.36
2017-06-17,34900,18.477302769818536,67.0,73.9,63.0,7.0,0.0,6,0,1,0,0,0,0,1447,4489.0
2017-06-18,49472,22.722582807783525,75.3,84.0,64.0,8.8,1.26,6,0,0,1,0,0,0,1448,5670.089999999999
2017-06-19,38310,16.131654920386318,78.5,87.1,70.0,11.1,0.0,6,1,0,0,0,0,0,1449,6162.25
2017-06-20,64673,17.394913127064875,76.9,87.1,70.0,11.0,1.23,6,0,0,0,0,1,0,1450,5913.610000000001
2017-06-21,67218,17.448709423071204,80.3,87.1,70.0,8.7,0.01,6,0,0,0,0,0,1,1451,6448.089999999999
2017-06-22,66308,17.513423719611502,77.1,87.1,68.0,7.6,0.0,6,0,0,0,1,0,0,1452,5944.409999999999
2017-06-23,55323,16.40121860106406,81.2,87.1,68.0,9.3,0.0,6,0,0,0,0,0,0,1453,6593.4400000000005
2017-06-24,52153,20.705803756894788,79.5,87.1,70.0,10.0,0.96,6,0,1,0,0,0,0,1454,6320.25
2017-06-25,54655,23.20370200957521,78.2,86.0,70.0,7.1,0.18,6,0,0,1,0,0,0,1455,6115.240000000001
2017-06-26,62669,20.13100336689592,74.0,84.0,66.9,9.0,0.0,6,1,0,0,0,0,0,1456,5476.0
2017-06-27,64767,16.471872764422212,71.2,81.0,62.1,7.7,0.16,6,0,0,0,0,1,0,1457,5069.4400000000005
2017-06-28,67752,19.712283032235216,71.5,81.0,62.1,10.1,0.0,6,0,0,0,0,0,1,1458,5112.25
2017-06-29,64272,17.414588000995757,76.2,82.9,64.0,10.9,0.0,6,0,0,0,1,0,0,1459,5806.4400000000005
2017-06-30,58662,19.61231802529747,80.2,89.1,69.1,11.7,0.0,6,0,0,0,0,0,0,1460,6432.040000000001
2017-07-01,36737,23.08391131556741,79.0,89.1,73.9,9.4,0.0,7,0,1,0,0,0,0,1461,6241.0
2017-07-02,43036,26.901029370759364,79.8,91.0,73.0,7.4,0.07,7,0,0,1,0,0,0,1462,6368.04
2017-07-03,48193,21.41425587395127,83.3,91.0,73.0,7.2,0.0,7,1,0,0,0,0,0,1463,6938.889999999999
2017-07-04,49924,25.360597441444327,77.8,90.0,70.0,4.2,0.12,7,0,0,0,0,1,0,1464,6052.839999999999
2017-07-05,60321,18.006270895155357,76.7,87.1,70.0,7.6,0.0,7,0,0,0,0,0,1,1465,5882.89
2017-07-06,62147,17.693810642508886,74.5,84.9,69.1,7.1,0.0,7,0,0,0,1,0,0,1466,5550.25
2017-07-07,44068,15.80318409427854,72.4,82.0,68.0,8.4,0.01,7,0,0,0,0,0,0,1467,5241.760000000001
2017-07-08,55015,20.278051137568536,78.5,87.1,68.0,7.5,2.13,7,0,1,0,0,0,0,1468,6162.25
2017-07-09,57118,20.39753813742312,76.3,87.1,70.0,8.5,0.0,7,0,0,1,0,0,0,1469,5821.69
2017-07-10,60907,16.56661275934349,78.7,88.0,70.0,8.0,0.0,7,1,0,0,0,0,0,1470,6193.6900000000005
2017-07-11,61671,15.852646841032792,80.5,89.1,72.0,8.5,0.0,7,0,0,0,0,1,0,1471,6480.25
2017-07-12,61786,15.488337703255326,84.2,91.0,75.0,9.1,0.0,7,0,0,0,0,0,1,1472,7089.64
2017-07-13,56475,17.33239220894201,86.0,93.9,78.1,9.1,0.0,7,0,0,0,1,0,0,1473,7396.0
2017-07-14,31851,16.51807530899082,69.8,93.9,64.9,8.4,0.01,7,0,0,0,0,0,0,1474,4872.04
2017-07-15,56499,18.995504640200124,73.7,86.0,64.9,6.9,0.47,7,0,1,0,0,0,0,1475,5431.6900000000005
2017-07-16,56833,21.489525158505327,78.0,86.0,66.9,6.6,0.01,7,0,0,1,0,0,0,1476,6084.0
2017-07-17,62555,16.636904857059125,80.1,87.1,71.1,7.2,0.0,7,1,0,0,0,0,0,1477,6416.009999999999
2017-07-18,66234,16.656136073114514,80.5,88.0,75.0,7.9,0.0,7,0,0,0,0,1,0,1478,6480.25
2017-07-19,63915,16.21775509139743,84.8,93.9,75.9,7.6,0.0,7,0,0,0,0,0,1,1479,7191.04
2017-07-20,59663,15.186770136712308,87.2,98.1,77.0,5.0,0.0,7,0,0,0,1,0,0,1480,7603.84
2017-07-21,60072,15.76340974164336,84.4,98.1,77.0,8.7,0.0,7,0,0,0,0,0,0,1481,7123.360000000001
2017-07-22,48011,18.96934383092763,85.3,93.9,77.0,7.5,0.0,7,0,1,0,0,0,0,1482,7276.089999999999
2017-07-23,46942,17.480288796102986,76.4,91.0,72.0,5.4,0.6,7,0,0,1,0,0,0,1483,5836.960000000001
2017-07-24,43792,15.022174521982706,70.2,80.1,64.0,11.1,0.46,7,1,0,0,0,0,0,1484,4928.04
2017-07-25,65336,14.882792283988406,65.8,73.0,62.1,9.1,0.45,7,0,0,0,0,1,0,1485,4329.639999999999
2017-07-26,70323,16.075239964165352,70.5,78.1,62.1,7.5,0.0,7,0,0,0,0,0,1,1486,4970.25
2017-07-27,65769,14.640754762882208,72.2,78.1,64.9,7.9,0.0,7,0,0,0,1,0,0,1487,5212.84
2017-07-28,63899,15.266647887030055,76.9,84.0,66.9,5.8,0.0,7,0,0,0,0,0,0,1488,5913.610000000001
2017-07-29,52947,17.363740155249584,73.3,84.0,68.0,13.2,0.0,7,0,1,0,0,0,0,1489,5372.889999999999
2017-07-30,59342,19.02969734757844,72.9,82.0,66.0,7.0,0.0,7,0,0,1,0,0,0,1490,5314.410000000001
2017-07-31,64218,14.699782252120382,77.7,89.1,66.0,5.3,0.0,7,1,0,0,0,0,0,1491,6037.290000000001
2017-08-01,66677,17.666347716104003,81.3,91.0,70.0,5.1,0.0,8,0,0,0,0,1,0,1492,6609.69
2017-08-02,56184,20.026276164032467,79.6,91.0,69.1,6.1,0.0,8,0,0,0,0,0,1,1493,6336.159999999999
2017-08-03,66149,19.157882205324345,76.2,88.0,69.1,6.2,0.08,8,0,0,0,1,0,0,1494,5806.4400000000005
2017-08-04,56394,18.536455414878656,78.1,87.1,70.0,10.0,0.1,8,0,0,0,0,0,0,1495,6099.609999999999
2017-08-05,58971,24.419910068790877,76.3,84.9,70.0,10.0,0.82,8,0,1,0,0,0,0,1496,5821.69
2017-08-06,56476,22.546589996930848,72.0,80.1,66.0,10.9,0.16,8,0,0,1,0,0,0,1497,5184.0
2017-08-07,23395,12.287061337892707,70.2,78.1,66.0,5.8,0.0,8,1,0,0,0,0,0,1498,4928.04
2017-08-08,65233,18.123004971921173,70.3,80.1,64.9,7.1,0.43,8,0,0,0,0,1,0,1499,4942.089999999999
2017-08-09,67884,21.832384165144447,76.5,84.9,64.9,5.2,0.0,8,0,0,0,0,0,1,1500,5852.25
2017-08-10,66249,16.363312905352032,77.5,86.0,68.0,6.0,0.0,8,0,0,0,1,0,0,1501,6006.25
2017-08-11,63140,19.479002481258576,75.9,86.0,71.1,7.7,0.0,8,0,0,0,0,0,0,1502,5760.810000000001
2017-08-12,60540,23.13261452483207,71.8,82.0,64.9,5.9,0.17,8,0,1,0,0,0,0,1503,5155.24
2017-08-13,57518,21.75249139399839,76.8,84.9,64.9,8.0,0.16,8,0,0,1,0,0,0,1504,5898.24
2017-08-14,61482,23.30200654934236,76.6,84.9,71.1,5.8,0.0,8,1,0,0,0,0,0,1505,5867.5599999999995
2017-08-15,52461,15.563273034571711,73.2,77.0,69.1,5.3,0.32,8,0,0,0,0,1,0,1506,5358.240000000001
2017-08-16,68436,17.916156457614896,76.8,86.0,69.1,4.8,0.12,8,0,0,0,0,0,1,1507,5898.24
2017-08-17,66656,17.591802438390143,76.4,86.0,70.0,7.0,0.0,8,0,0,0,1,0,0,1508,5836.960000000001
2017-08-18,36620,17.119950391407244,77.3,82.9,70.0,7.7,0.01,8,0,0,0,0,0,0,1509,5975.29
2017-08-19,62442,24.200790600343797,80.1,89.1,73.0,7.5,0.9,8,0,1,0,0,0,0,1510,6416.009999999999
2017-08-20,55442,20.311299496170168,78.7,89.1,71.1,10.4,0.0,8,0,0,1,0,0,0,1511,6193.6900000000005
2017-08-21,61059,18.411591520769527,80.8,88.0,71.1,6.7,0.0,8,1,0,0,0,0,0,1512,6528.639999999999
2017-08-22,60541,19.6897898393926,81.5,91.0,75.0,8.6,0.0,8,0,0,0,0,1,0,1513,6642.25
2017-08-23,65070,20.257814148865325,78.2,84.0,73.4,11.1,0.25,8,0,0,0,0,0,1,1514,6115.240000000001
2017-08-24,66307,19.99828223264513,75.2,82.0,69.1,6.8,0.02,8,0,0,0,1,0,0,1515,5655.040000000001
2017-08-25,64217,16.986893657442735,72.3,81.0,66.0,6.0,0.0,8,0,0,0,0,0,0,1516,5227.29
2017-08-26,50109,19.13669001576563,71.0,78.1,64.0,5.7,0.0,8,0,1,0,0,0,0,1517,5041.0
2017-08-27,54598,22.60333742383725,70.2,77.0,64.0,7.1,0.0,8,0,0,1,0,0,0,1518,4928.04
2017-08-28,60886,16.823883706161233,69.8,77.0,64.0,9.3,0.0,8,1,0,0,0,0,0,1519,4872.04
2017-08-29,35152,14.87973515020482,66.5,75.0,64.0,11.6,0.0,8,0,0,0,0,1,0,1520,4422.25
2017-08-30,65329,16.343364100680144,67.5,80.1,61.0,10.6,0.32,8,0,0,0,0,0,1,1521,4556.25
2017-08-31,64881,15.472770148425576,74.0,82.0,61.0,9.8,0.01,8,0,0,0,1,0,0,1522,5476.0
2017-09-01,54881,16.895487205651012,65.4,82.0,55.9,10.7,0.0,9,0,0,0,0,0,0,1523,4277.160000000001
2017-09-02,37812,21.403479935822848,63.2,72.0,55.9,7.9,0.0,9,0,1,0,0,0,0,1524,3994.2400000000002
2017-09-03,30955,20.10029128304528,62.6,72.0,55.9,9.8,0.79,9,0,0,1,0,0,0,1525,3918.76
2017-09-04,55285,22.74168038346749,71.3,82.0,59.0,11.2,0.4,9,1,0,0,0,0,0,1526,5083.69
2017-09-05,65445,17.344608959176913,76.4,84.9,64.0,8.8,0.0,9,0,0,0,0,1,0,1527,5836.960000000001
2017-09-06,42295,13.882774953698233,69.9,84.9,62.1,7.0,0.0,9,0,0,0,0,0,1,1528,4886.010000000001
2017-09-07,69519,16.86566478228974,65.4,73.0,60.8,8.3,0.44,9,0,0,0,1,0,0,1529,4277.160000000001
2017-09-08,69574,15.893449181207536,67.5,75.0,61.0,10.6,0.0,9,0,0,0,0,0,0,1530,4556.25
2017-09-09,60155,18.967705926356903,63.7,73.0,57.9,9.1,0.0,9,0,1,0,0,0,0,1531,4057.6900000000005
2017-09-10,60711,18.79330022565928,65.0,73.0,59.0,9.7,0.0,9,0,0,1,0,0,0,1532,4225.0
2017-09-11,71917,16.345572674054814,67.7,78.1,59.0,5.1,0.0,9,1,0,0,0,0,0,1533,4583.29
2017-09-12,74580,15.460779476177708,71.9,82.0,59.0,2.9,0.0,9,0,0,0,0,1,0,1534,5169.610000000001
2017-09-13,69566,16.056317022683498,74.0,84.0,63.0,4.9,0.0,9,0,0,0,0,0,1,1535,5476.0
2017-09-14,72071,14.615057373978434,75.1,84.0,66.9,7.0,0.02,9,0,0,0,1,0,0,1536,5640.009999999999
2017-09-15,72297,17.247020392731823,76.6,82.9,70.0,6.3,0.0,9,0,0,0,0,0,0,1537,5867.5599999999995
2017-09-16,61036,18.3546879437272,74.2,82.0,69.1,5.8,0.0,9,0,1,0,0,0,0,1538,5505.64
2017-09-17,59967,18.68099176769446,72.8,81.0,69.1,5.1,0.0,9,0,0,1,0,0,0,1539,5299.839999999999
2017-09-18,64130,14.65827147980664,70.6,81.0,68.0,8.7,0.0,9,1,0,0,0,0,0,1540,4984.359999999999
2017-09-19,57910,13.970031658320384,72.3,78.1,68.0,13.7,0.0,9,0,0,0,0,1,0,1541,5227.29
2017-09-20,71150,15.325442492386976,73.9,78.1,69.1,13.3,0.19,9,0,0,0,0,0,1,1542,5461.210000000001
2017-09-21,67742,15.094857449342117,75.8,79.0,71.1,10.2,0.0,9,0,0,0,1,0,0,1543,5745.639999999999
2017-09-22,70127,17.24045541184803,73.8,81.0,68.0,11.5,0.0,9,0,0,0,0,0,0,1544,5446.44
2017-09-23,62687,21.87894433189232,76.5,86.0,68.0,10.0,0.0,9,0,1,0,0,0,0,1545,5852.25
2017-09-24,57458,18.536830380451818,79.5,91.0,70.0,3.5,0.0,9,0,0,1,0,0,0,1546,6320.25
2017-09-25,69200,14.692419315992291,77.5,91.0,71.1,5.5,0.0,9,1,0,0,0,0,0,1547,6006.25
2017-09-26,71518,14.116304053991072,73.7,86.0,68.0,5.6,0.0,9,0,0,0,0,1,0,1548,5431.6900000000005
2017-09-27,69897,14.354635868969106,75.0,84.0,68.0,7.2,0.0,9,0,0,0,0,0,1,1549,5625.0
2017-09-28,70883,14.306545528076786,74.1,84.0,68.0,11.8,0.0,9,0,0,0,1,0,0,1550,5490.8099999999995
2017-09-29,67177,14.8322694771524,63.3,77.0,57.0,9.0,0.0,9,0,0,0,0,0,0,1551,4006.8899999999994
2017-09-30,50153,15.510478602144106,62.1,70.0,55.9,9.4,0.0,9,0,1,0,0,0,0,1552,3856.4100000000003
2017-10-01,55505,20.975704591177973,58.8,70.0,52.0,6.8,0.0,10,0,0,1,0,0,0,1553,3457.4399999999996
2017-10-02,65511,16.055658082866483,64.5,73.9,52.0,4.8,0.0,10,1,0,0,0,0,0,1554,4160.25
2017-10-03,69105,15.444736270892118,64.0,73.9,55.9,5.2,0.0,10,0,0,0,0,1,0,1555,4096.0
2017-10-04,71454,17.47994490628003,64.8,75.0,57.9,6.8,0.0,10,0,0,0,0,0,1,1556,4199.04
2017-10-05,70174,15.332242473470709,73.0,84.0,57.9,9.5,0.0,10,0,0,0,1,0,0,1557,5329.0
2017-10-06,70257,26.954173486864885,74.7,84.0,66.0,7.0,0.0,10,0,0,0,0,0,0,1558,5580.09
2017-10-07,63635,26.91243524265996,72.4,82.0,66.0,6.4,0.0,10,0,1,0,0,0,0,1559,5241.760000000001
2017-10-08,41044,27.229053373615304,74.0,82.0,66.0,9.3,0.0,10,0,0,1,0,0,0,1560,5476.0
2017-10-09,38391,15.025982218054583,73.9,80.1,71.1,9.0,0.39,10,1,0,0,0,0,0,1561,5461.210000000001
2017-10-10,74118,15.892096161975951,75.1,81.0,69.1,8.4,0.21,10,0,0,0,0,1,0,1562,5640.009999999999
2017-10-11,63589,15.352759911305412,70.8,81.0,68.0,7.0,0.0,10,0,0,0,0,0,1,1563,5012.639999999999
2017-10-12,61248,21.15688566701497,62.7,78.1,59.0,14.4,0.07,10,0,0,0,1,0,0,1564,3931.2900000000004
2017-10-13,67020,17.568579279816966,59.1,68.0,53.1,11.2,0.03,10,0,0,0,0,0,0,1565,3492.81
2017-10-14,58777,22.4020138262699,65.7,73.0,53.1,6.6,0.03,10,0,1,0,0,0,0,1566,4316.490000000001
2017-10-15,56529,16.607031199325426,69.8,75.0,62.1,6.8,0.0,10,0,0,1,0,0,0,1567,4872.04
2017-10-16,61730,13.429257519304494,62.6,75.0,55.0,14.0,0.01,10,1,0,0,0,0,0,1568,3918.76
2017-10-17,64480,14.584902036807271,51.8,71.1,45.0,8.7,0.0,10,0,0,0,0,1,0,1569,2683.24
2017-10-18,70234,16.48387841596188,60.0,73.9,45.0,6.2,0.0,10,0,0,0,0,0,1,1570,3600.0
2017-10-19,72311,15.955407890915628,64.7,73.9,52.0,7.9,0.0,10,0,0,0,1,0,0,1571,4186.09
2017-10-20,72173,17.638841856834734,66.9,73.9,57.9,9.7,0.0,10,0,0,0,0,0,0,1572,4475.610000000001
2017-10-21,65874,18.130275981419075,67.7,79.0,59.0,4.6,0.0,10,0,1,0,0,0,0,1573,4583.29
2017-10-22,62150,20.691869670152848,66.7,75.9,57.9,4.5,0.0,10,0,0,1,0,0,0,1574,4448.89
2017-10-23,69274,16.22145971071399,66.9,75.9,57.9,7.1,0.0,10,1,0,0,0,0,0,1575,4475.610000000001
2017-10-24,48077,13.248867788478202,70.8,75.9,61.0,17.4,0.04,10,0,0,0,0,1,0,1576,5012.639999999999
2017-10-25,71287,16.319445106868482,64.8,75.9,61.0,5.5,0.09,10,0,0,0,0,0,1,1577,4199.04
2017-10-26,64003,14.974387398507362,58.0,68.0,53.1,10.5,0.0,10,0,0,0,1,0,0,1578,3364.0
2017-10-27,69268,18.71862379934939,55.7,63.0,51.1,8.9,0.0,10,0,0,0,0,0,0,1579,3102.4900000000002
2017-10-28,61348,21.182423496555167,60.9,68.0,51.1,9.0,0.0,10,0,1,0,0,0,0,1580,3708.81
2017-10-29,9537,14.528385935479358,64.0,68.0,54.0,10.3,0.1,10,0,0,1,0,0,0,1581,4096.0
2017-10-30,49247,13.980375454342392,57.1,68.0,46.9,15.9,2.79,10,1,0,0,0,0,0,1582,3260.4100000000003
2017-10-31,60242,13.936887055542645,53.8,62.1,46.9,13.2,0.05,10,0,0,0,0,1,0,1583,2894.4399999999996
2017-11-01,60773,14.487495269280764,51.4,57.9,46.9,7.8,0.0,11,0,0,0,0,0,1,1584,2641.96
2017-11-02,70810,15.926368921527096,63.0,72.0,46.9,6.7,0.0,11,0,0,0,1,0,0,1585,3969.0
2017-11-03,71818,17.54368194603024,66.1,75.0,57.9,7.6,0.0,11,0,0,0,0,0,0,1586,4369.209999999999
2017-11-04,53435,21.41534418764231,53.1,75.0,48.0,10.3,0.0,11,0,1,0,0,0,0,1587,2819.61
2017-11-05,34943,14.415929752263212,54.8,61.0,48.0,7.8,0.02,11,0,0,1,0,0,0,1588,3003.0399999999995
2017-11-06,57606,14.303749898737395,62.6,66.0,52.0,7.8,0.08,11,1,0,0,0,0,0,1589,3918.76
2017-11-07,36362,14.375742991767964,48.0,66.0,42.1,10.3,0.0,11,0,0,0,0,1,0,1590,2304.0
2017-11-08,54211,14.70585459285631,43.4,51.1,39.9,9.5,0.6,11,0,0,0,0,0,1,1591,1883.56
2017-11-09,58417,15.011814768531991,47.6,55.9,39.9,6.5,0.0,11,0,0,0,1,0,0,1592,2265.76
2017-11-10,38432,13.714919858451292,44.4,55.9,30.9,15.2,0.0,11,0,0,0,0,0,0,1593,1971.36
2017-11-11,28142,13.73691694501694,31.0,37.9,26.1,11.3,0.0,11,0,1,0,0,0,0,1594,961.0
2017-11-12,32471,14.865645755699962,39.5,46.9,26.1,4.3,0.0,11,0,0,1,0,0,0,1595,1560.25
2017-11-13,38753,12.488074901728035,45.4,50.0,34.0,6.2,0.0,11,1,0,0,0,0,0,1596,2061.16
2017-11-14,52279,13.64024656171694,43.0,50.0,39.0,8.3,0.05,11,0,0,0,0,1,0,1597,1849.0
2017-11-15,54230,12.71487276415268,43.5,51.1,37.9,7.4,0.0,11,0,0,0,0,0,1,1598,1892.25
2017-11-16,49737,13.12145016118114,52.2,59.0,37.9,10.2,0.7,11,0,0,0,1,0,0,1599,2724.84
2017-11-17,48991,14.673116490784023,45.5,59.0,41.0,16.8,0.08,11,0,0,0,0,0,0,1600,2070.25
2017-11-18,27745,14.60945335495885,44.0,52.0,36.0,7.2,0.0,11,0,1,0,0,0,0,1601,1936.0
2017-11-19,31598,15.50360782327996,53.5,60.1,36.0,15.7,0.33,11,0,0,1,0,0,0,1602,2862.25
2017-11-20,45121,12.479933216610153,43.1,60.1,37.0,13.1,0.02,11,1,0,0,0,0,0,1603,1857.6100000000001
2017-11-21,52451,15.001825831093146,49.1,59.0,37.0,11.2,0.0,11,0,0,0,0,1,0,1604,2410.81
2017-11-22,32298,15.141786901149707,51.7,59.0,43.0,8.7,0.0,11,0,0,0,0,0,1,1605,2672.8900000000003
2017-11-23,13705,17.551150431715914,38.7,55.0,34.0,10.9,0.16,11,0,0,0,1,0,0,1606,1497.6900000000003
2017-11-24,23724,18.908367054459617,43.0,51.1,34.0,5.7,0.0,11,0,0,0,0,0,0,1607,1849.0
2017-11-25,30518,25.398836205954957,48.6,57.9,37.0,6.9,0.0,11,0,1,0,0,0,0,1608,2361.96
2017-11-26,27181,13.695223992249488,49.3,57.9,42.1,13.0,0.0,11,0,0,1,0,0,0,1609,2430.49
2017-11-27,46733,13.079298711117774,45.3,53.1,42.1,12.9,0.0,11,1,0,0,0,0,0,1610,2052.0899999999997
2017-11-28,51170,13.05680248843724,44.0,53.1,37.0,8.1,0.0,11,0,0,0,0,1,0,1611,1936.0
2017-11-29,55295,13.357888898936006,54.4,64.0,37.0,10.4,0.0,11,0,0,0,0,0,1,1612,2959.3599999999997
2017-11-30,51700,11.95230335267569,44.2,64.0,39.9,7.3,0.0,11,0,0,0,1,0,0,1613,1953.6400000000003
2017-12-01,50708,12.975768452052275,50.4,54.0,39.9,9.3,0.02,12,0,0,0,0,0,0,1614,2540.16
2017-12-02,38923,14.491770932353628,44.2,53.1,39.9,5.5,0.0,12,0,1,0,0,0,0,1615,1953.6400000000003
2017-12-03,33728,13.151542239879824,45.3,48.0,39.9,5.0,0.0,12,0,0,1,0,0,0,1616,2052.0899999999997
2017-12-04,49630,12.860659211498422,45.5,52.0,39.9,5.0,0.0,12,1,0,0,0,0,0,1617,2070.25
2017-12-05,41792,12.433630040837166,53.8,60.1,39.9,11.4,0.0,12,0,0,0,0,1,0,1618,2894.4399999999996
2017-12-06,46335,12.197234272148483,50.1,60.1,41.0,11.9,0.69,12,0,0,0,0,0,1,1619,2510.01
2017-12-07,45367,12.206890471047236,42.7,59.0,39.9,13.2,0.0,12,0,0,0,1,0,0,1620,1823.2900000000002
2017-12-08,41330,11.662685700459717,39.1,46.0,36.0,8.7,0.0,12,0,0,0,0,0,0,1621,1528.8100000000002
2017-12-09,10804,13.7858262371961,35.2,41.0,30.9,6.8,0.0,12,0,1,0,0,0,0,1622,1239.0400000000002
2017-12-10,19815,13.854088653377069,35.0,39.9,30.9,10.9,0.34,12,0,0,1,0,0,0,1623,1225.0
2017-12-11,41838,12.9890797042561,38.0,43.0,32.0,9.4,0.0,12,1,0,0,0,0,0,1624,1444.0
2017-12-12,42620,12.225013295792277,44.5,51.8,39.0,9.6,0.0,12,0,0,0,0,1,0,1625,1980.25
2017-12-13,32623,11.803366234456266,29.2,51.1,21.9,21.0,0.0,12,0,0,0,0,0,1,1626,852.64
2017-12-14,27495,13.3030090319452,28.3,33.1,21.9,11.2,0.05,12,0,0,0,1,0,0,1627,800.89
2017-12-15,22944,11.7404165213854,25.5,33.1,23.0,6.5,0.02,12,0,0,0,0,0,0,1628,650.25
2017-12-16,19060,12.256758481986706,30.9,39.9,23.0,12.9,0.13,12,0,1,0,0,0,0,1629,954.81
2017-12-17,22403,11.635068220030057,35.7,39.9,25.0,5.9,0.0,12,0,0,1,0,0,0,1630,1274.4900000000002
2017-12-18,40168,12.76125979220607,38.4,46.9,33.1,5.7,0.02,12,1,0,0,0,0,0,1631,1474.56
2017-12-19,49503,11.826513207953727,50.2,55.9,34.0,10.9,0.0,12,0,0,0,0,1,0,1632,2520.0400000000004
2017-12-20,41463,14.186231097605091,47.7,55.9,39.9,14.3,0.0,12,0,0,0,0,0,1,1633,2275.2900000000004
2017-12-21,37592,11.65726528694048,37.2,53.1,34.0,9.2,0.0,12,0,0,0,1,0,0,1634,1383.8400000000001
2017-12-22,34341,14.511359113984252,40.1,51.1,34.0,6.3,0.0,12,0,0,0,0,0,0,1635,1608.0100000000002
2017-12-23,9608,17.304975020815984,41.2,53.1,36.0,7.4,0.05,12,0,1,0,0,0,0,1636,1697.4400000000003
2017-12-24,13216,13.150605326876512,40.3,53.1,37.0,10.1,0.49,12,0,0,1,0,0,0,1637,1624.0899999999997
2017-12-25,6479,16.74848742089829,36.3,41.0,32.0,15.8,0.23,12,1,0,0,0,0,0,1638,1317.6899999999998
2017-12-26,14113,11.752530763598571,27.0,39.0,24.1,16.4,0.22,12,0,0,0,0,1,0,1639,729.0
2017-12-27,16365,13.723589978612887,22.8,28.9,19.0,10.5,0.0,12,0,0,0,0,0,1,1640,519.84
2017-12-28,13420,11.014924242424245,17.3,25.0,14.0,15.2,0.0,12,0,0,0,1,0,0,1641,299.29
2017-12-29,13759,10.915011992150594,15.5,21.9,12.0,12.0,0.0,12,0,0,0,0,0,0,1642,240.25
2017-12-30,5956,12.390043653458696,20.0,23.0,18.0,7.8,0.0,12,0,1,0,0,0,0,1643,400.0
2017-12-31,6569,13.172436190186229,22.0,23.0,19.9,13.6,0.48,12,0,0,1,0,0,0,1644,484.0
2018-01-01,5500,20.77180000000001,12.6,21.9,8.1,15.1,0.0,1,1,0,0,0,0,0,1645,158.76
2018-01-02,18818,11.343925142593973,18.4,26.1,8.1,12.3,0.0,1,0,0,0,0,1,0,1646,338.55999999999995
2018-01-03,24299,11.210897567801146,22.6,30.0,14.0,7.5,0.0,1,0,0,0,0,0,1,1647,510.76000000000005
2018-01-04,1922,17.328407908428716,26.1,30.0,17.1,17.0,0.02,1,0,0,0,1,0,0,1648,681.21
2018-01-05,4972,16.160857468490207,16.7,28.9,10.0,22.4,0.0,1,0,0,0,0,0,0,1649,278.89
2018-01-06,4295,29.805723709740004,11.8,19.9,8.1,19.8,0.0,1,0,1,0,0,0,0,1650,139.24
2018-01-07,5640,12.762567966903074,10.8,18.0,6.1,11.7,0.0,1,0,0,1,0,0,0,1651,116.64000000000001
2018-01-08,15821,17.417178644417756,22.2,30.9,6.1,9.4,0.0,1,1,0,0,0,0,0,1652,492.84
2018-01-09,25091,13.094970308078596,35.5,43.0,18.0,11.2,0.0,1,0,0,0,0,1,0,1653,1260.25
2018-01-10,28252,11.869496554816182,34.2,43.0,26.1,6.1,0.0,1,0,0,0,0,0,1,1654,1169.64
2018-01-11,33961,12.063514030800034,40.1,46.9,26.1,4.8,0.0,1,0,0,0,1,0,0,1655,1608.0100000000002
2018-01-12,22254,13.36127063299482,47.9,60.1,35.1,9.4,0.01,1,0,0,0,0,0,0,1656,2294.41
2018-01-13,17760,11.608766891891898,41.7,60.1,25.0,14.4,0.79,1,0,1,0,0,0,0,1657,1738.8900000000003
2018-01-14,12399,23.55788773288168,20.0,25.0,16.0,13.8,0.11,1,0,0,1,0,0,0,1658,400.0
2018-01-15,17637,11.038549639961447,21.6,30.0,15.1,12.2,0.0,1,1,0,0,0,0,0,1659,466.56000000000006
2018-01-16,30278,11.388798247352316,27.9,33.1,16.0,6.9,0.0,1,0,0,0,0,1,0,1660,778.41
2018-01-17,19010,10.39236366824478,33.8,36.0,24.1,7.9,0.05,1,0,0,0,0,0,1,1661,1142.4399999999998
2018-01-18,27662,11.0159912515364,26.0,36.0,19.9,12.4,0.12,1,0,0,0,1,0,0,1662,676.0
2018-01-19,30525,11.873586677586676,31.2,39.0,19.9,9.6,0.0,1,0,0,0,0,0,0,1663,973.4399999999999
2018-01-20,28507,14.608504928614026,43.4,54.0,26.1,11.0,0.0,1,0,1,0,0,0,0,1664,1883.56
2018-01-21,27908,14.16123154650996,46.1,54.0,37.0,5.3,0.0,1,0,0,1,0,0,0,1665,2125.21
2018-01-22,36865,20.77364709073647,42.1,52.0,37.9,7.1,0.0,1,1,0,0,0,0,0,1666,1772.41
2018-01-23,28797,13.39751131483604,44.8,59.0,35.6,9.1,0.03,1,0,0,0,0,1,0,1667,2007.0399999999997
2018-01-24,36078,11.514989744442596,42.9,60.1,34.0,14.2,0.28,1,0,0,0,0,0,1,1668,1840.4099999999999
2018-01-25,31147,11.391361928917714,29.5,45.0,24.1,14.6,0.0,1,0,0,0,1,0,0,1669,870.25
2018-01-26,33073,11.978674447434464,32.0,39.0,24.1,6.6,0.0,1,0,0,0,0,0,0,1670,1024.0
2018-01-27,34351,22.87835870862565,42.1,57.0,28.0,7.8,0.0,1,0,1,0,0,0,0,1671,1772.41
2018-01-28,20101,21.78418652471683,50.3,57.0,35.1,6.4,0.19,1,0,0,1,0,0,0,1672,2530.0899999999997
2018-01-29,36799,11.981148944264794,42.8,54.0,39.0,8.8,0.08,1,1,0,0,0,0,0,1673,1831.8399999999997
2018-01-30,27996,10.918298447397248,34.2,44.1,30.0,11.2,0.06,1,0,0,0,0,1,0,1674,1169.64
2018-01-31,31276,11.032208402609031,26.2,37.0,19.0,13.0,0.0,1,0,0,0,0,0,1,1675,686.4399999999999
2018-02-01,35561,11.316653543676129,36.9,45.0,19.0,8.1,0.0,2,0,0,0,1,0,0,1676,1361.61
2018-02-02,26313,10.905258490733353,33.4,45.0,21.9,13.7,0.23,2,0,0,0,0,0,0,1677,1115.56
2018-02-03,18385,12.369982775813614,22.4,39.0,17.1,13.5,0.18,2,0,1,0,0,0,0,1678,501.75999999999993
2018-02-04,13959,11.171521360173845,34.8,45.0,17.1,8.2,0.0,2,0,0,1,0,0,0,1679,1211.0399999999997
2018-02-05,29068,12.03720643548461,37.4,46.9,30.0,12.6,1.01,2,1,0,0,0,0,0,1680,1398.76
2018-02-06,34102,11.455167829843802,31.6,41.0,28.0,6.1,0.0,2,0,0,0,0,1,0,1681,998.5600000000001
2018-02-07,15289,10.588302047223491,32.8,46.9,28.0,8.3,0.0,2,0,0,0,0,0,1,1682,1075.84
2018-02-08,31564,17.38828834537236,32.8,46.9,26.1,12.9,0.85,2,0,0,0,1,0,0,1683,1075.84
2018-02-09,31567,11.61065036272056,30.8,36.0,26.1,8.2,0.0,2,0,0,0,0,0,0,1684,948.6400000000001
2018-02-10,16324,15.006767132238831,42.0,51.1,28.0,5.5,0.0,2,0,1,0,0,0,0,1685,1764.0
2018-02-11,8809,11.403112347220643,45.6,60.1,37.9,4.7,0.82,2,0,0,1,0,0,0,1686,2079.36
2018-02-12,35139,18.194091560184795,48.1,63.0,41.0,11.4,0.99,2,1,0,0,0,0,0,1687,2313.61
2018-02-13,35189,11.132938797161993,33.0,41.0,27.0,9.9,0.0,2,0,0,0,0,1,0,1688,1089.0
2018-02-14,39591,13.461018918441056,40.5,54.0,27.0,6.8,0.01,2,0,0,0,0,0,1,1689,1640.25
2018-02-15,44193,12.132828351398034,51.0,61.0,36.0,6.8,0.13,2,0,0,0,1,0,0,1690,2601.0
2018-02-16,29191,11.96970812921791,56.1,61.0,44.1,9.1,0.16,2,0,0,0,0,0,0,1691,3147.21
2018-02-17,17921,15.176228075070217,36.0,59.0,30.0,11.3,0.05,2,0,1,0,0,0,0,1692,1296.0
2018-02-18,21538,17.15319280651252,37.6,45.0,30.0,8.8,0.62,2,0,0,1,0,0,0,1693,1413.7600000000002
2018-02-19,25677,12.832399293790813,41.5,48.9,33.1,5.6,0.02,2,1,0,0,0,0,0,1694,1722.25
2018-02-20,44480,17.40954024280576,53.9,70.0,33.1,6.9,0.03,2,0,0,0,0,1,0,1695,2905.21
2018-02-21,53115,30.362447833317663,61.8,79.0,46.9,7.7,0.0,2,0,0,0,0,0,1,1696,3819.24
2018-02-22,27010,11.093625200543007,50.6,79.0,37.9,10.1,0.02,2,0,0,0,1,0,0,1697,2560.36
2018-02-23,25634,12.696981222855063,37.8,41.0,37.0,9.1,0.11,2,0,0,0,0,0,0,1698,1428.8399999999997
2018-02-24,25550,14.260973255055449,46.7,54.0,36.0,7.4,0.07,2,0,1,0,0,0,0,1699,2180.8900000000003
2018-02-25,16150,19.660624355005154,42.3,54.0,39.9,9.6,0.62,2,0,0,1,0,0,0,1700,1789.2899999999997
2018-02-26,42570,12.379549369665648,46.1,52.0,39.9,6.4,0.22,2,1,0,0,0,0,0,1701,2125.21
2018-02-27,48516,14.211650452084532,47.3,57.0,39.9,7.5,0.0,2,0,0,0,0,1,0,1702,2237.2899999999995
2018-02-28,50709,15.028157723481035,49.5,62.1,39.9,9.2,0.0,2,0,0,0,0,0,1,1703,2450.25
2018-03-01,45564,13.90028897082492,54.5,62.1,42.1,6.0,0.0,3,0,0,0,1,0,0,1704,2970.25
2018-03-02,6855,13.452285436421104,41.9,57.9,35.6,19.1,1.47,3,0,0,0,0,0,0,1705,1755.61
2018-03-03,28364,16.37260964603018,40.6,46.9,36.0,20.1,0.71,3,0,1,0,0,0,0,1706,1648.3600000000001
2018-03-04,25262,13.329999604148524,41.9,46.9,37.9,16.6,0.0,3,0,0,1,0,0,0,1707,1755.61
2018-03-05,36774,11.714059752361267,37.5,44.1,35.1,15.7,0.0,3,1,0,0,0,0,0,1708,1406.25
2018-03-06,42689,13.188295189236884,39.5,46.9,34.0,8.2,0.0,3,0,0,0,0,1,0,1709,1560.25
2018-03-07,8188,10.351335287412471,36.6,41.0,33.8,14.7,0.1,3,0,0,0,0,0,1,1710,1339.5600000000002
2018-03-08,28440,11.289906235349267,37.4,42.1,34.0,12.7,0.8,3,0,0,0,1,0,0,1711,1398.76
2018-03-09,34912,12.983422128017107,36.8,44.1,30.9,14.0,0.0,3,0,0,0,0,0,0,1712,1354.2399999999998
2018-03-10,25444,14.89608814127758,37.4,44.1,30.9,14.0,0.0,3,0,1,0,0,0,0,1713,1398.76
2018-03-11,27597,24.689533886533567,38.9,46.0,33.1,10.3,0.0,3,0,0,1,0,0,0,1714,1513.2099999999998
2018-03-12,36340,13.356089708310405,38.2,46.0,33.1,10.5,0.0,3,1,0,0,0,0,0,1715,1459.2400000000002
2018-03-13,23137,11.048184005417008,37.3,43.0,33.1,14.1,0.21,3,0,0,0,0,1,0,1716,1391.2899999999997
2018-03-14,35377,11.430208421667562,36.7,42.1,32.0,16.3,0.05,3,0,0,0,0,0,1,1717,1346.89
2018-03-15,39574,21.854904314280425,38.6,48.0,32.0,15.0,0.0,3,0,0,0,1,0,0,1718,1489.96
2018-03-16,34921,12.061142292603304,37.6,48.0,34.0,16.7,0.0,3,0,0,0,0,0,0,1719,1413.7600000000002
2018-03-17,27672,17.89375481834827,36.4,48.0,28.9,14.8,0.0,3,0,1,0,0,0,0,1720,1324.9599999999998
2018-03-18,25158,14.375474998012558,37.4,48.0,28.9,11.6,0.0,3,0,0,1,0,0,0,1721,1398.76
2018-03-19,39278,12.72412207003072,39.8,46.9,30.0,7.0,0.0,3,1,0,0,0,0,0,1722,1584.0399999999997
2018-03-20,35532,11.492039569965105,35.9,46.9,30.9,9.8,0.0,3,0,0,0,0,1,0,1723,1288.81
2018-03-21,3755,12.193004882379046,35.7,39.9,30.9,15.1,0.0,3,0,0,0,0,0,1,1724,1274.4900000000002
2018-03-22,27308,11.820652067770132,39.6,51.1,32.0,13.8,0.64,3,0,0,0,1,0,0,1725,1568.16
2018-03-23,38528,13.43364176702658,42.7,51.1,33.1,11.0,0.01,3,0,0,0,0,0,0,1726,1823.2900000000002
2018-03-24,34398,20.73048626858152,43.3,51.1,37.0,10.2,0.0,3,0,1,0,0,0,0,1727,1874.8899999999996
2018-03-25,25562,12.97419542028532,40.4,51.1,35.1,11.0,0.0,3,0,0,1,0,0,0,1728,1632.1599999999999
2018-03-26,40295,12.767646523555443,40.4,50.0,34.0,9.1,0.0,3,1,0,0,0,0,0,1729,1632.1599999999999
2018-03-27,41354,12.178721526333607,39.4,50.0,34.0,5.8,0.0,3,0,0,0,0,1,0,1730,1552.36
2018-03-28,42520,12.539774223894636,43.7,52.0,35.1,5.5,0.04,3,0,0,0,0,0,1,1731,1909.6900000000003
2018-03-29,39293,16.089561754001995,49.6,53.1,39.0,5.2,0.03,3,0,0,0,1,0,0,1732,2460.1600000000003
2018-03-30,34787,13.862753806498596,50.1,60.1,43.0,6.3,0.02,3,0,0,0,0,0,0,1733,2510.01
2018-03-31,41794,26.894350066197717,47.1,60.1,39.9,10.7,0.04,3,0,1,0,0,0,0,1734,2218.4100000000003
2018-04-01,33149,21.496862147676655,50.4,59.0,39.9,11.0,0.0,4,0,0,1,0,0,0,1735,2540.16
2018-04-02,22063,16.3977549139585,39.8,59.0,32.0,8.1,0.4,4,1,0,0,0,0,0,1736,1584.0399999999997
2018-04-03,25881,10.72190281158636,40.8,44.1,32.0,7.0,0.15,4,0,0,0,0,1,0,1737,1664.6399999999999
2018-04-04,36753,12.154555637181543,45.9,57.0,39.0,9.3,0.28,4,0,0,0,0,0,1,1738,2106.81
2018-04-05,39814,13.378084760804407,41.6,57.0,35.1,18.2,0.11,4,0,0,0,1,0,0,1739,1730.5600000000002
2018-04-06,35624,13.13978684781795,44.8,62.1,35.1,10.7,0.0,4,0,0,0,0,0,0,1740,2007.0399999999997
2018-04-07,33245,14.377386574422223,45.7,62.1,37.0,10.5,0.09,4,0,1,0,0,0,0,1741,2088.4900000000002
2018-04-08,28410,14.941405021705968,38.9,48.9,33.1,12.2,0.0,4,0,0,1,0,0,0,1742,1513.2099999999998
2018-04-09,40509,11.925599249549483,38.7,48.9,33.1,10.6,0.0,4,1,0,0,0,0,0,1743,1497.6900000000003
2018-04-10,43051,11.534113803008836,43.2,50.0,33.1,7.9,0.0,4,0,0,0,0,1,0,1744,1866.2400000000002
2018-04-11,48612,12.4838009819249,44.4,52.0,37.9,6.9,0.0,4,0,0,0,0,0,1,1745,1971.36
2018-04-12,53168,13.59882698866486,50.6,60.1,37.9,8.1,0.0,4,0,0,0,1,0,0,1746,2560.36
2018-04-13,63510,24.07960793575816,65.4,82.0,46.0,11.1,0.0,4,0,0,0,0,0,0,1747,4277.160000000001
2018-04-14,62597,22.908648178027697,61.6,82.0,51.1,9.4,0.0,4,0,1,0,0,0,0,1748,3794.5600000000004
2018-04-15,20440,12.307435583822569,44.4,69.1,39.0,18.4,0.0,4,0,0,1,0,0,0,1749,1971.36
2018-04-16,26289,13.660212129280945,46.6,61.0,39.0,18.1,1.24,4,1,0,0,0,0,0,1750,2171.56
2018-04-17,44689,11.757871437415623,46.2,61.0,39.9,13.8,1.62,4,0,0,0,0,1,0,1751,2134.44
2018-04-18,51110,13.195589251940262,44.7,55.0,39.0,11.6,0.0,4,0,0,0,0,0,1,1752,1998.0900000000001
2018-04-19,38298,11.335561909238075,46.2,55.0,39.0,9.9,0.07,4,0,0,0,1,0,0,1753,2134.44
2018-04-20,47052,16.00011937147553,43.2,50.0,37.9,16.3,0.08,4,0,0,0,0,0,0,1754,1866.2400000000002
2018-04-21,63599,23.503453146537957,48.8,62.1,37.9,10.4,0.0,4,0,1,0,0,0,0,1755,2381.4399999999996
2018-04-22,54284,21.24027429813572,55.2,64.9,41.0,8.1,0.0,4,0,0,1,0,0,0,1756,3047.0400000000004
2018-04-23,57767,16.76789054881391,53.5,64.9,45.0,7.8,0.0,4,1,0,0,0,0,0,1757,2862.25
2018-04-24,58527,14.893794601921623,54.8,66.0,45.0,7.9,0.0,4,0,0,0,0,1,0,1758,3003.0399999999995
2018-04-25,31214,17.28646280515154,56.1,66.0,46.0,10.4,0.42,4,0,0,0,0,0,1,1759,3147.21
2018-04-26,66077,16.63759326240598,59.6,70.0,50.0,9.9,0.29,4,0,0,0,1,0,0,1760,3552.1600000000003
2018-04-27,39154,12.328815276429829,54.5,70.0,48.9,8.1,0.17,4,0,0,0,0,0,0,1761,2970.25
2018-04-28,56745,21.09956912503304,56.7,66.0,48.9,6.2,0.05,4,0,1,0,0,0,0,1762,3214.8900000000003
2018-04-29,44837,18.701506568236056,54.2,66.0,50.0,10.6,0.22,4,0,0,1,0,0,0,1763,2937.6400000000003
2018-04-30,41075,13.162267397037937,49.0,57.9,44.1,15.8,0.15,4,1,0,0,0,0,0,1764,2401.0
2018-05-01,72035,17.44585085953588,60.3,82.0,44.1,7.8,0.0,5,0,0,0,0,1,0,1765,3636.0899999999997
2018-05-02,76773,16.61223498712655,76.9,89.1,66.0,10.3,0.0,5,0,0,0,0,0,1,1766,5913.610000000001
2018-05-03,69056,20.43685897435897,82.3,93.0,64.9,10.8,0.0,5,0,0,0,1,0,0,1767,6773.29
2018-05-04,71199,17.76182647696363,75.8,93.0,68.0,5.5,0.01,5,0,0,0,0,0,0,1768,5745.639999999999
2018-05-05,63329,24.55501297457194,70.3,84.0,61.0,11.2,0.0,5,0,1,0,0,0,0,1769,4942.089999999999
2018-05-06,48993,17.533699031834484,62.6,75.9,57.0,7.6,0.0,5,0,0,1,0,0,0,1770,3918.76
2018-05-07,68917,17.650352839889525,62.1,75.0,54.0,5.6,0.0,5,1,0,0,0,0,0,1771,3856.4100000000003
2018-05-08,74313,18.978155908118374,61.8,75.0,54.0,5.9,0.0,5,0,0,0,0,1,0,1772,3819.24
2018-05-09,78458,18.083681502629865,63.5,73.9,54.0,4.8,0.0,5,0,0,0,0,0,1,1773,4032.25
2018-05-10,67455,16.10722481654436,59.4,73.9,54.0,6.5,0.0,5,0,0,0,1,0,0,1774,3528.3599999999997
2018-05-11,75266,18.959467532927658,65.1,73.0,55.9,8.3,0.19,5,0,0,0,0,0,0,1775,4238.009999999999
2018-05-12,34535,16.282174122870515,59.2,73.0,54.0,7.3,0.06,5,0,1,0,0,0,0,1776,3504.6400000000003
2018-05-13,25986,17.894076297493523,53.6,64.0,52.0,7.3,0.14,5,0,0,1,0,0,0,1777,2872.96
2018-05-14,64729,15.90430332617528,58.4,71.1,52.0,5.0,0.1,5,1,0,0,0,0,0,1778,3410.56
2018-05-15,52826,16.032164085866814,69.1,91.9,52.0,9.4,0.02,5,0,0,0,0,1,0,1779,4774.8099999999995
2018-05-16,32766,12.527345927689272,62.9,70.0,55.9,6.7,0.44,5,0,0,0,0,0,1,1780,3956.41
2018-05-17,49789,15.305948770478087,60.2,73.4,55.0,6.0,0.64,5,0,0,0,1,0,0,1781,3624.0400000000004
2018-05-18,63113,17.442503657460964,64.9,73.0,55.0,8.9,0.02,5,0,0,0,0,0,0,1782,4212.010000000001
2018-05-19,18026,15.370868930063985,54.4,66.9,50.0,10.7,0.2,5,0,1,0,0,0,0,1783,2959.3599999999997
2018-05-20,56949,23.55147090671771,66.7,84.0,50.0,7.1,0.44,5,0,0,1,0,0,0,1784,4448.89
2018-05-21,71220,22.67974164560517,68.9,84.0,55.0,7.6,0.0,5,1,0,0,0,0,0,1785,4747.210000000001
2018-05-22,48508,13.950543896539406,64.6,79.0,55.9,5.0,0.0,5,0,0,0,0,1,0,1786,4173.159999999999
2018-05-23,72655,19.200669602917905,66.2,82.0,55.9,5.1,0.42,5,0,0,0,0,0,1,1787,4382.4400000000005
2018-05-24,74810,19.32832419908212,74.5,86.0,57.0,7.6,0.21,5,0,0,0,1,0,0,1788,5550.25
2018-05-25,69345,20.336381378133492,77.9,89.1,66.0,9.6,0.0,5,0,0,0,0,0,0,1789,6068.410000000001
2018-05-26,51597,32.98850740676138,82.3,91.9,68.0,9.3,0.0,5,0,1,0,0,0,0,1790,6773.29
2018-05-27,25814,23.99578846104181,68.8,91.9,59.0,11.2,0.12,5,0,0,1,0,0,0,1791,4733.44
2018-05-28,49043,22.907766313915,60.2,82.0,55.9,8.3,0.41,5,1,0,0,0,0,0,1792,3624.0400000000004
2018-05-29,69090,17.06585251121725,72.8,87.1,55.9,6.0,0.0,5,0,0,0,0,1,0,1793,5299.839999999999
2018-05-30,72321,16.616023238985445,69.0,87.1,63.0,7.8,0.0,5,0,0,0,0,0,1,1794,4761.0
2018-05-31,55794,13.872895532375043,64.0,77.0,60.1,7.1,0.0,5,0,0,0,1,0,0,1795,4096.0
