ride_date,num_rides,avg_duration_min,temp_f,max_temp_f,min_temp_f,wind_speed_knots,precip_in,day_of_week,month
2013-07-01,16650,16.309987987987991,74.8,78.1,73.4,7.8,0,Monday,7
2013-07-02,22745,15.96882611562981,76.1,82.9,73,8.0,0.73,Tuesday,7
2013-07-03,21864,16.238808086351995,78.5,84.9,73.9,8.8,0.06,Wednesday,7
2013-07-04,22326,21.218473976529605,82,91,73.9,8.6,0.96,Thursday,7
2013-07-05,21842,18.040443488081063,84.4,93,75.9,9.0,0,Friday,7
2013-07-06,20467,19.326261787267306,87,95,77,9.3,0,Saturday,7
2013-07-07,20477,18.638323484885476,88.8,98.1,79,8.8,0,Sunday,7
2013-07-08,21615,21.492164392011716,83.7,98.1,75,8.9,0,Monday,7
2013-07-09,26641,16.098854522477883,82.6,91,75,6.0,0,Tuesday,7
2013-07-10,25732,15.531954375874395,82,91,75,8.7,0.08,Wednesday,7
2013-07-11,24417,16.828634421373085,82.3,91,75,7.6,0.02,Thursday,7
2013-07-12,19006,15.635127503595358,75.4,86,72,9.1,0,Friday,7
2013-07-13,26119,18.615661013055636,71.4,78.1,68,10.5,0.23,Saturday,7
2013-07-14,29287,19.362671151022639,80.2,93.9,69.1,6.0,0.01,Sunday,7
2013-07-15,28069,15.318282328072488,87.2,93.9,72,7.8,0,Monday,7
2013-07-16,29842,15.128550923753997,86.5,93.9,79,7.9,0,Tuesday,7
2013-07-17,30550,14.669449536279325,87.4,97,78.1,4.0,0,Wednesday,7
2013-07-18,28869,14.380492338956438,89.3,100,78.1,6.3,0,Thursday,7
2013-07-19,26591,14.671052862497335,92.5,100,82.9,8.9,0,Friday,7
2013-07-20,25278,17.947821557612681,89.2,100,82.9,11.3,0,Saturday,7
2013-07-21,30297,18.707899021905352,82.2,95,77,7.6,0,Sunday,7
2013-07-22,25979,14.700189255424252,77.1,87.1,75,8.3,0,Monday,7
2013-07-23,32376,15.737208117123792,80,91,75,7.4,0.58,Tuesday,7
2013-07-24,35271,15.592202753914925,79.9,91,75,7.8,0.31,Wednesday,7
2013-07-25,31084,14.937073199502425,68,82.9,64,11.7,0,Thursday,7
2013-07-26,34534,15.667923881778346,71.5,84,64,8.6,0.02,Friday,7
2013-07-27,32470,18.914398419053494,76.9,84,64.9,8.5,0,Saturday,7
2013-07-28,23508,17.54357310986331,74.8,84,71.1,7.6,0,Sunday,7
2013-07-29,34915,15.69145162060242,77.3,89.1,71.1,5.7,0.13,Monday,7
2013-07-30,37334,15.82817985393118,75.9,89.1,70,8.7,0,Tuesday,7
2013-07-31,37261,15.392547167279458,76.1,82,70,6.2,0,Wednesday,7
2013-08-01,20138,13.377141887641935,73.5,82,69.1,7.6,0,Thursday,8
2013-08-02,35792,16.090496479660267,75.5,86,69.1,7.3,0.5,Friday,8
2013-08-03,29540,18.492146806589936,76.4,86,70,8.1,0,Saturday,8
2013-08-04,35253,19.719960003403965,74.6,81,70,8.7,0.01,Sunday,8
2013-08-05,36776,16.118436842868537,71.5,81,64,9.4,0,Monday,8
2013-08-06,37702,16.159205081958515,73.9,82,64,6.3,0,Tuesday,8
2013-08-07,34396,14.686894793968291,74.4,82,66.9,9.5,0,Wednesday,8
2013-08-08,28366,14.319887071376526,75,82,71.1,9.1,0.16,Thursday,8
2013-08-09,29017,15.138192553790308,78.2,89.1,71.1,9.2,0.08,Friday,8
2013-08-10,37201,20.443239877064233,78.3,89.1,72,8.9,0.04,Saturday,8
2013-08-11,33060,19.430590340794513,74.8,84,66.9,5.7,0,Sunday,8
2013-08-12,31457,15.305080480232276,74.8,82,66.9,5.5,0.09,Monday,8
2013-08-13,22437,15.649830636894414,74,82,70,5.3,0.01,Tuesday,8
2013-08-14,38150,15.555132372214942,69.5,78.1,62.1,12.4,0.73,Wednesday,8
2013-08-15,37386,15.298375060182954,69.8,78.1,62.1,8.2,0,Thursday,8
2013-08-16,35991,16.389049114130387,72.6,81,63,3.7,0,Friday,8
2013-08-17,37285,20.104246122211791,73.6,81,66.9,5.2,0,Saturday,8
2013-08-18,27612,16.943679680332224,72.5,81,68,5.2,0,Sunday,8
2013-08-19,33127,14.892281723870759,73.5,80.1,68,5.5,0,Monday,8
2013-08-20,35843,14.974709148229779,77.5,89.1,68,4.5,0,Tuesday,8
2013-08-21,36315,15.09489329478177,81.1,90,70,4.5,0,Wednesday,8
2013-08-22,26629,14.405246786085346,77.5,90,73,5.8,0,Thursday,8
2013-08-23,33503,15.74394830313703,76.2,81,72,9.0,0.24,Friday,8
2013-08-24,32941,18.079671736336682,71.5,81,64,8.9,0,Saturday,8
2013-08-25,31755,19.063203694956172,73.8,82.9,64,4.8,0,Sunday,8
2013-08-26,29979,15.474954134560855,75.3,84,66.9,9.1,0,Monday,8
2013-08-27,34208,15.067807725288432,78.3,86,70,10.6,0.01,Tuesday,8
2013-08-28,28185,14.159055644255222,78,86,73,3.2,0.1,Wednesday,8
2013-08-29,34215,14.313135564323643,74.6,84.9,71.1,7.3,0,Thursday,8
2013-08-30,32318,15.444152897250241,75.4,86,69.1,7.4,0,Friday,8
2013-08-31,25381,17.858579252196524,78.5,86,69.1,8.8,0,Saturday,8
2013-09-01,25235,18.3748913546001,79.6,86,73,8.0,0,Sunday,9
2013-09-02,21416,16.858852415639404,76.9,80.6,71.6,4.8,0,Monday,9
2013-09-03,32411,14.437786553947731,76.2,82,72,6.7,0.99,Tuesday,9
2013-09-04,36798,15.071607152562633,73.3,82,66,10.4,0.09,Wednesday,9
2013-09-05,35825,14.598231681786464,74.3,82,66,9.3,0,Thursday,9
2013-09-06,35868,14.809940150923753,64.8,77,57,7.5,0,Friday,9
2013-09-07,34419,17.375818104341583,68.3,79,57,6.5,0,Saturday,9
2013-09-08,33196,17.081960175924806,73.9,80.1,61,8.7,0,Sunday,9
2013-09-09,35394,15.262479987191806,65.9,80.1,57.9,7.7,0,Monday,9
2013-09-10,36954,14.481477873392146,74.8,88,57.9,8.8,0,Tuesday,9
2013-09-11,35812,14.029129900591975,83.6,93.9,69.1,7.5,0,Wednesday,9
2013-09-12,31252,13.678643500149322,80.6,88,71.1,8.4,0,Thursday,9
2013-09-13,36501,14.655901208186078,71.3,86,68,9.4,1.3,Friday,9
2013-09-14,31607,16.690705118064567,61.6,77,55.9,10.8,0.03,Saturday,9
2013-09-15,31914,17.268670489440364,61.5,73,54,6.9,0,Sunday,9
2013-09-16,31287,13.804180650110272,65.8,73,54,6.9,0,Monday,9
2013-09-17,38283,13.883002028750797,58.2,72,48.9,10.1,0.02,Tuesday,9
2013-09-18,37957,13.932727384496486,61.8,71.1,48.9,5.0,0,Wednesday,9
2013-09-19,39200,14.114456207482995,65,77,55,5.4,0,Thursday,9
2013-09-20,39382,14.811446853892637,68.1,78.1,57,5.8,0,Friday,9
2013-09-21,31826,17.045906910492469,67.4,78.1,61,9.4,0,Saturday,9
2013-09-22,29758,16.50093868315523,66.3,75.9,61,12.9,0.98,Sunday,9
2013-09-23,35152,13.871636037778783,58.5,68,52,10.6,0.53,Monday,9
2013-09-24,38417,13.784679525557261,59.1,73,50,8.0,0,Tuesday,9
2013-09-25,38223,13.994420898411953,64.1,73,50,5.4,0,Wednesday,9
2013-09-26,38189,13.785808304311013,63.9,72,55,6.2,0,Thursday,9
2013-09-27,37412,14.230190402366439,61.5,69.1,57,6.4,0,Friday,9
2013-09-28,34931,17.024874753084653,64.4,73,57,7.3,0,Saturday,9
2013-09-29,32592,16.523521109474725,64.6,73,57.9,4.9,0,Sunday,9
2013-09-30,37148,13.728397221923121,63.9,73,57.9,4.1,0,Monday,9
2013-10-01,40575,13.706243992606289,68.9,81,57.9,5.5,0,Tuesday,10
2013-10-02,41383,13.913752023777876,73.9,84,62.1,6.0,0,Wednesday,10
2013-10-03,40456,13.724642409860921,72.6,84,64.9,4.3,0,Thursday,10
2013-10-04,40195,14.673060082099765,74,86,64.9,4.9,0,Friday,10
2013-10-05,34181,16.759140068069009,68.3,86,64,6.7,0.03,Saturday,10
2013-10-06,26574,14.68550901884047,66.5,73,64,7.6,0.01,Sunday,10
2013-10-07,25016,12.651673595565502,70.7,77,64,11.8,0.33,Monday,10
2013-10-08,38365,13.779678960858419,61.6,77,55.9,10.2,0,Tuesday,10
2013-10-09,36969,12.8412223755038,59.7,66,54,12.3,0,Wednesday,10
2013-10-10,31171,12.400746420283815,59.1,66,54,13.2,0,Thursday,10
2013-10-11,33357,13.342567277233162,63.7,69.1,54,16.4,0,Friday,10
2013-10-12,32457,16.876973636914478,65.7,72,60.1,15.5,0,Saturday,10
2013-10-13,28832,15.950881543655202,60.9,72,57,15.0,0,Sunday,10
2013-10-14,33018,13.908640741413771,58,64.9,53.1,6.6,0,Monday,10
2013-10-15,37534,13.481594465462427,60.4,70,53.1,4.7,0,Tuesday,10
2013-10-16,36911,13.337352460422819,60.1,70,55.9,5.6,0,Wednesday,10
2013-10-17,36888,13.387314302754286,64.7,73,57,6.7,0,Thursday,10
2013-10-18,38122,13.878873091653112,64.2,73,57.9,11.5,0.01,Friday,10
2013-10-19,29548,15.613899417896304,59.4,69.1,54,5.9,0,Saturday,10
2013-10-20,29256,15.908528165162702,58.4,64,51.1,10.4,0,Sunday,10
2013-10-21,35012,13.790265718420354,59.3,66.9,51.1,7.3,0,Monday,10
2013-10-22,36338,12.581991762525913,59.6,68,52,7.6,0,Tuesday,10
2013-10-23,32365,12.022630413512539,52.8,68,50,7.8,0,Wednesday,10
2013-10-24,32251,12.115275495333481,48.4,55,43,11.8,0,Thursday,10
2013-10-25,30979,12.511262468123569,47.4,55,42.1,13.0,0,Friday,10
2013-10-26,24569,14.574459006607242,49.5,55.9,42.1,10.1,0,Saturday,10
2013-10-27,23965,14.660169691911813,53,59,43,10.3,0,Sunday,10
2013-10-28,31498,12.784571507185637,53,61,44.1,7.7,0,Monday,10
2013-10-29,33414,12.575373097105009,50.5,61,44.1,8.0,0,Tuesday,10
2013-10-30,35069,12.160374784947768,52.9,60.1,44.1,4.5,0,Wednesday,10
2013-10-31,31444,12.92803873552983,59.3,66.9,48,6.2,0,Thursday,10
2013-11-01,30384,13.633155059680536,65.9,70,53.1,12.1,0.05,Friday,11
2013-11-02,31013,16.587990520104483,61.5,70,55,5.7,0.05,Saturday,11
2013-11-03,20798,13.263860307080806,50.9,68,42.1,11.2,0.01,Sunday,11
2013-11-04,27142,12.367596345147739,39.5,55.9,34,10.3,0,Monday,11
2013-11-05,31493,12.214110013865515,46.8,55,34,6.7,0,Tuesday,11
2013-11-06,34826,13.005698328834779,53.2,61,42.1,5.9,0,Wednesday,11
2013-11-07,25719,11.869835530152802,58.3,63,46.9,9.2,0,Thursday,11
2013-11-08,28686,12.60913047014804,46,63,41,14.2,0.08,Friday,11
2013-11-09,21734,14.408419220269318,44.3,50,39.9,10.3,0,Saturday,11
2013-11-10,19712,13.913954274891772,50.1,60.1,39.9,11.0,0,Sunday,11
2013-11-11,27295,12.653236856567135,48.6,60.1,44.1,13.6,0,Monday,11
2013-11-12,19925,11.081814303638646,43.9,53.1,34,13.4,0.02,Tuesday,11
2013-11-13,23633,11.125149861069977,34,52,30,13.4,0.01,Wednesday,11
2013-11-14,27040,13.02782729289941,41,53.1,30,11.6,0,Thursday,11
2013-11-15,29051,12.719770403772676,49.1,57,34,6.2,0,Friday,11
2013-11-16,25194,15.311708475562966,51.9,59,43,5.5,0.03,Saturday,11
2013-11-17,17995,13.46792627581736,52.6,60.8,48.2,4.5,0.02,Sunday,11
2013-11-18,30615,13.219170885731398,60.3,64.9,48.9,11.4,0.25,Monday,11
2013-11-19,27417,11.477858019963289,48.3,64.9,41,16.8,0.23,Tuesday,11
2013-11-20,26229,11.413486344631263,38,51.1,32,9.0,0,Wednesday,11
2013-11-21,28752,11.772228598590248,41.6,52,32,6.4,0,Thursday,11
2013-11-22,25448,12.094384627475634,52.4,57,36,6.4,0,Friday,11
2013-11-23,18996,14.306489962799184,47.4,57,39.9,12.8,0.07,Saturday,11
2013-11-24,9392,11.097677101078936,29.4,55,24.1,22.2,0.02,Sunday,11
2013-11-25,19116,11.017526330473597,27.9,35.1,24.1,11.9,0,Monday,11
2013-11-26,14999,13.040990510478476,36,39.9,24.1,7.0,0,Tuesday,11
2013-11-27,7976,11.025576730190574,48,60.1,34,13.7,1.91,Wednesday,11
2013-11-28,5204,13.905294004611831,34.1,39.2,30.9,17.9,0.3,Thursday,11
2013-11-29,10127,13.154390902208618,34.1,39,30.9,7.2,0,Friday,11
2013-11-30,9863,13.679970597181386,31.3,39,25,7.2,0,Saturday,11
2013-12-01,13326,13.558320826454549,41.1,48.9,25,3.2,0,Sunday,12
2013-12-02,24576,12.382666693793404,44.2,48.9,37,4.5,0,Monday,12
2013-12-03,27431,12.168702684310935,44,53.1,37.9,4.0,0,Tuesday,12
2013-12-04,28199,12.269936286156716,43.8,53.1,37.9,4.3,0,Wednesday,12
2013-12-05,26988,12.383790326564895,48.6,57.9,39,5.3,0.01,Thursday,12
2013-12-06,10736,11.621933991554894,50.5,57.9,42.8,7.1,0.05,Friday,12
2013-12-07,15545,12.230484614559879,38.2,43,35.6,10.7,0.81,Saturday,12
2013-12-08,10090,12.172482656095141,32.1,37.9,28.4,8.7,0.13,Sunday,12
2013-12-09,14824,10.718746627091203,34.5,39.2,28.9,10.9,0.19,Monday,12
2013-12-10,12850,11.553900129701686,36,39,32,8.5,0.07,Tuesday,12
2013-12-11,18766,11.960985292550356,30.7,39,27,13.2,0.22,Wednesday,12
2013-12-12,17214,11.461365748809106,27.6,34,23,12.5,0,Thursday,12
2013-12-13,17888,12.05667672927847,28.2,35.1,23,13.0,0,Friday,12
2013-12-14,3701,12.055358912005765,28.6,35.1,24.1,12.0,0,Saturday,12
2013-12-15,7462,15.2261458054141,33.7,39,24.1,14.2,1.21,Sunday,12
2013-12-16,15562,11.222348241442834,31,39,26.1,12.0,0.77,Monday,12
2013-12-17,7863,12.223945483064144,27.2,34,24.1,7.3,0,Tuesday,12
2013-12-18,14924,11.485891852050392,28.6,37,24.1,9.4,0.16,Wednesday,12
2013-12-19,18766,11.242665814060889,36.6,45,24.1,9.6,0,Thursday,12
2013-12-20,22066,14.084528233481374,45.2,52,30.9,5.4,0,Friday,12
2013-12-21,17940,14.476455778520993,53.6,60.1,37.9,6.6,0,Saturday,12
2013-12-22,15063,15.070312465422997,58.4,69.1,50,9.0,0.01,Sunday,12
2013-12-23,6956,11.88599051178838,58.5,69.1,50,6.2,0.09,Monday,12
2013-12-24,11025,12.736034769463341,39.2,62.1,34,10.7,0.44,Tuesday,12
2013-12-25,3260,13.754074642126792,25.6,42.1,19,10.3,0,Wednesday,12
2013-12-26,9763,11.935071187135101,31.7,36,19,6.2,0,Thursday,12
2013-12-27,11720,12.436033845278725,35.6,39.9,30,10.3,0,Friday,12
2013-12-28,12022,16.256094382520931,42.4,55,32,9.3,0,Saturday,12
2013-12-29,3775,12.156847682119203,45.2,55,36,7.1,0,Sunday,12
2013-12-30,13241,12.348442967550287,40.5,48,28.9,11.3,1.2,Monday,12
2013-12-31,10424,13.23923317984139,26,44.1,21,9.9,0,Tuesday,12
2014-01-01,6059,15.37744402266601,28.9,33.1,21,9.4,0,Wednesday,1
2014-01-02,8600,12.980327519379843,28.9,33.1,25,14.2,0.01,Thursday,1
2014-01-03,1144,13.388869463869465,16.6,32,10.9,16.7,0.3,Friday,1
2014-01-04,2292,20.398247527632336,15.8,27,9,6.8,0.25,Saturday,1
2014-01-05,2678,13.737303958177744,29.1,35.6,26.1,4.8,0,Sunday,1
2014-01-06,9510,12.805073606729758,44.7,53.1,25,11.2,0.17,Monday,1
2014-01-07,6267,12.10168873996064,14,36,3.9,19.6,0.24,Tuesday,1
2014-01-08,9246,10.233461316605377,12.9,21.9,3.9,11.4,0,Wednesday,1
2014-01-09,13354,10.864896909789824,25.7,33.1,9,7.0,0,Thursday,1
2014-01-10,9847,11.194096340679055,30.2,34,23,4.8,0,Friday,1
2014-01-11,7695,12.369558154645871,43.7,55,27,9.2,0.22,Saturday,1
2014-01-12,12515,12.069734984685041,47.6,55.9,34,13.6,0.45,Sunday,1
2014-01-13,20633,11.779531171747525,41.8,54,35.1,8.9,0.02,Monday,1
2014-01-14,9999,11.116034936827011,45.8,50,35.1,6.6,0.02,Tuesday,1
2014-01-15,21630,11.704905994760365,42.4,50,36,5.5,0.36,Wednesday,1
2014-01-16,19953,11.388402746454169,39.1,41,37,5.9,0,Thursday,1
2014-01-17,20301,12.211397632300548,38.3,46,33.1,5.5,0,Friday,1
2014-01-18,9438,14.084099738645193,37.5,46,32,7.7,0,Saturday,1
2014-01-19,9028,13.6058226259046,29.8,39,25,12.1,0.15,Sunday,1
2014-01-20,13407,13.103310459710103,39.6,46,25,11.1,0,Monday,1
2014-01-21,3804,14.296617595513498,25.7,46,14,12.5,0,Tuesday,1
2014-01-22,2451,16.576716986264117,12.6,32,7,16.6,0.25,Wednesday,1
2014-01-23,5071,15.401988430947211,13.5,21,7,11.9,0,Thursday,1
2014-01-24,6176,13.034348013816926,15.7,21,8.1,12.8,0,Friday,1
2014-01-25,4338,11.466901029660365,22,27,10.9,12.6,0,Saturday,1
2014-01-26,4980,11.962151941097725,21.9,27,18,12.7,0.02,Sunday,1
2014-01-27,13119,10.53511192418121,33.7,44.1,18,9.4,0,Monday,1
2014-01-28,10033,14.218656766005514,18.5,28,12.9,11.8,0,Tuesday,1
2014-01-29,10021,11.171130625686065,18.2,23,12.9,8.1,0.05,Wednesday,1
2014-01-30,12158,11.191953172122606,21.6,28.9,14,7.5,0,Thursday,1
2014-01-31,14653,11.705812234127254,30.5,39,18,7.3,0,Friday,1
2014-02-01,12771,13.671289118575942,38.2,44.1,26.1,3.2,0,Saturday,2
2014-02-02,13816,13.738225004825324,40.3,55,30,3.3,0,Sunday,2
2014-02-03,2600,13.292378205128204,35.6,55,30,8.2,0.27,Monday,2
2014-02-04,8709,12.542329773797219,29.6,42.1,25,6.2,0.81,Tuesday,2
2014-02-05,2746,15.422347657198349,31.5,36,25,9.0,0.74,Wednesday,2
2014-02-06,7196,17.346933481563831,28.4,34,21.9,8.6,0.44,Thursday,2
2014-02-07,8495,17.482438689425152,28.5,33.1,21.9,8.9,0,Friday,2
2014-02-08,5986,17.377703530459964,26.8,33.1,21.9,8.0,0,Saturday,2
2014-02-09,4996,17.122084334133973,26.1,28.9,21,6.5,0,Sunday,2
2014-02-10,6846,14.40389765313078,25.9,28.9,21,12.4,0.1,Monday,2
2014-02-11,8343,16.45138639178553,22.6,28.9,18,11.3,0,Tuesday,2
2014-02-12,8580,14.081419968919969,19,26.1,14,9.2,0,Wednesday,2
2014-02-13,876,81.110083713850841,28.7,36,14,15.8,0.18,Thursday,2
2014-02-14,3609,28.906183615036483,35.4,39.9,24.1,16.4,1.75,Friday,2
2014-02-15,2261,18.350471767654433,34.5,39,30.2,9.7,0.25,Saturday,2
2014-02-16,3003,21.346797646797651,27.2,37,21.9,14.0,0.05,Sunday,2
2014-02-17,4854,16.118342260678482,24.4,33.1,19,11.2,0,Monday,2
2014-02-18,5140,14.629364461738003,30.6,39.9,19,7.2,0.05,Tuesday,2
2014-02-19,8506,14.158004153930561,36.4,45,25,5.3,0.1,Wednesday,2
2014-02-20,11792,13.573103233830846,42.5,50,28,8.1,0.25,Thursday,2
2014-02-21,8680,11.754621735791092,37.1,46.9,33.8,8.2,0.02,Friday,2
2014-02-22,13044,16.471369978534188,45.5,55,34,9.4,0.11,Saturday,2
2014-02-23,13324,15.581533323326328,48,55,37.9,5.2,0,Sunday,2
2014-02-24,12922,12.587243976680595,40,54,33.1,13.2,0,Monday,2
2014-02-25,12830,11.434589503767215,28.7,44.1,24.1,12.9,0,Tuesday,2
2014-02-26,11188,11.072612024788462,28,33.1,24.1,9.2,0,Wednesday,2
2014-02-27,12036,10.512638473468483,24.7,33.1,19,9.6,0.01,Thursday,2
2014-02-28,9587,11.090424533222071,17.3,33.1,10,13.3,0,Friday,2
2014-03-01,9202,11.874632326305877,26.6,37.9,10,5.6,0,Saturday,3
2014-03-02,8195,11.216150091519218,36.6,39,21,6.0,0,Sunday,3
2014-03-03,7708,11.456964625497317,25.9,39,19.9,10.6,0.01,Monday,3
2014-03-04,10398,10.333017567480923,20.3,32,12.9,6.4,0,Tuesday,3
2014-03-05,13801,10.518999830930126,30.6,37,12.9,5.1,0,Wednesday,3
2014-03-06,12773,10.194545786685453,24.2,37,16,10.2,0,Thursday,3
2014-03-07,13304,11.046503557827217,29.2,36,16,10.2,0,Friday,3
2014-03-08,16350,15.866276248725789,41.6,55.9,26.1,7.3,0,Saturday,3
2014-03-09,12262,12.705340346871088,41.4,55.9,35.1,11.3,0,Sunday,3
2014-03-10,17231,11.223293289226781,41.9,51.1,35.1,8.7,0,Monday,3
2014-03-11,24356,12.948284474735861,52.3,64.9,37,7.0,0,Tuesday,3
2014-03-12,15101,10.971585766947001,48.1,64.9,39,7.4,0,Wednesday,3
2014-03-13,10979,10.652381819837872,28.8,54,19,20.9,0.35,Thursday,3
2014-03-14,16299,10.919300775098677,29.7,44.1,19,12.9,0,Friday,3
2014-03-15,18053,14.778114440813164,47.9,57.9,39,11.1,0,Saturday,3
2014-03-16,9851,12.279863296450447,37.7,57.9,30,14.2,0,Sunday,3
2014-03-17,12503,10.62121357540857,28.3,33.1,23,9.3,0,Monday,3
2014-03-18,16679,11.34588504506665,32.1,41,23,9.4,0,Tuesday,3
2014-03-19,13341,10.864158109087274,35.8,45,27,9.4,0,Wednesday,3
2014-03-20,19695,11.9667022086824,45.3,53.1,30.9,11.4,0.99,Thursday,3
2014-03-21,20718,12.220391286160185,43.7,53.1,39,14.1,0,Friday,3
2014-03-22,19880,16.057806002682764,48.4,63,37,9.7,0,Saturday,3
2014-03-23,11740,12.281138557637707,41.5,63,35.1,11.0,0,Sunday,3
2014-03-24,13598,10.486559297935974,28.1,42.1,21.9,12.8,0,Monday,3
2014-03-25,16037,10.424924653405666,31.6,37.9,21.9,7.5,0,Tuesday,3
2014-03-26,14500,10.198148275862073,33.4,37.9,26.1,16.8,0,Wednesday,3
2014-03-27,16666,11.41353154126165,30.1,42.1,23,12.7,0,Thursday,3
2014-03-28,18425,12.24441429217549,44.9,60.1,23,8.1,0,Friday,3
2014-03-29,4480,11.066566220238096,48.3,60.1,37.9,6.7,0.03,Saturday,3
2014-03-30,7907,12.754502339698998,44.1,55,41,12.4,1.97,Sunday,3
2014-03-31,17085,11.82974539069359,42.1,53.1,35.6,15.2,0.29,Monday,3
2014-04-01,23908,12.853388684401317,45.9,59,36,8.5,0.02,Tuesday,4
2014-04-02,22515,12.002125249833446,45.6,59,39,5.7,0,Wednesday,4
2014-04-03,26321,12.891668882894521,50.7,64,41,3.9,0,Thursday,4
2014-04-04,12566,10.684554883548202,44.7,51.1,39.2,9.8,0.09,Friday,4
2014-04-05,18655,14.951773429822209,45.3,54,39,12.8,0.17,Saturday,4
2014-04-06,20750,16.594725301204825,44.9,59,37,9.7,0,Sunday,4
2014-04-07,14677,11.323832072857758,46.1,59,37,6.9,0,Monday,4
2014-04-08,21884,12.149883476512521,51,64.9,41,10.7,0.99,Tuesday,4
2014-04-09,26931,12.847673065735894,51.4,64.9,43,13.2,0.01,Wednesday,4
2014-04-10,27463,12.728735025306774,49.8,59,42.1,10.4,0,Thursday,4
2014-04-11,26798,13.810168047366721,59.2,73.9,42.1,8.8,0,Friday,4
2014-04-12,27108,17.636654001278838,58.8,73.9,48.9,6.6,0,Saturday,4
2014-04-13,26871,18.378644263332209,59.8,73.9,48.9,8.2,0,Sunday,4
2014-04-14,28832,14.8384821263411,61.7,73.9,50,10.5,0,Monday,4
2014-04-15,10523,10.554770502708353,56.9,61,44.6,13.7,0.1,Tuesday,4
2014-04-16,20082,11.889953689871524,38.9,46.9,32,14.1,0.82,Wednesday,4
2014-04-17,22282,12.433921251832572,41.1,46.9,32,11.4,0.05,Thursday,4
2014-04-18,20770,12.430917188252282,39.9,46.9,35.1,7.1,0,Friday,4
2014-04-19,24369,18.437031337628412,50.6,64.9,35.1,6.8,0,Saturday,4
2014-04-20,18464,16.713800729347202,51.6,64.9,42.1,9.2,0,Sunday,4
2014-04-21,27124,13.895182003637617,49.9,63,41,5.4,0,Monday,4
2014-04-22,27259,12.705970505154257,56.4,66,41,7.7,0,Tuesday,4
2014-04-23,26949,12.408973122070083,55.6,66,48,16.0,0,Wednesday,4
2014-04-24,28107,13.015390590718797,49.4,62.1,43,17.9,0,Thursday,4
2014-04-25,27919,13.529182635481211,52.3,60.1,43,8.9,0,Friday,4
2014-04-26,19899,16.160248421193693,52,64,44.6,8.2,0.7,Saturday,4
2014-04-27,21926,15.8199717230685,51.3,64,45,10.8,0.06,Sunday,4
2014-04-28,28557,13.442739666865098,53.7,64,46,7.3,0,Monday,4
2014-04-29,18404,11.008666594218646,49.9,64,44.1,13.4,0,Tuesday,4
2014-04-30,2867,9.49539588419951,44.5,51.1,42.1,14.1,0.55,Wednesday,4
2014-05-01,26762,14.309317315596743,59.3,77,42.1,7.9,4.88,Thursday,5
2014-05-02,32377,14.010143002748864,62.8,77,48.9,7.6,0.01,Friday,5
2014-05-03,25501,18.08919127354482,61.7,69.1,54,7.2,0,Saturday,5
2014-05-04,21277,15.436263727655845,58.7,69.1,54,12.2,0.03,Sunday,5
2014-05-05,30288,14.396794109878499,57.5,66.9,50,15.6,0,Monday,5
2014-05-06,32233,14.29934745964281,59.2,68,50,8.6,0,Tuesday,5
2014-05-07,32882,13.288734464651379,59,68,51.1,7.0,0,Wednesday,5
2014-05-08,17619,12.222241141192274,55.6,68,51.1,6.7,0.32,Thursday,5
2014-05-09,22641,12.287202420387795,54.9,63,52,5.5,0.09,Friday,5
2014-05-10,21832,15.364831440087944,65.4,82,52,7.1,0.02,Saturday,5
2014-05-11,28326,18.77301654545882,69.3,82,55,9.8,0.93,Sunday,5
2014-05-12,31644,14.389985463278979,73.2,82,62.1,4.4,0.02,Monday,5
2014-05-13,32847,13.422771232278949,65.8,82,59,7.7,0,Tuesday,5
2014-05-14,30044,12.947753295167084,56.5,71.1,51.1,7.1,0,Wednesday,5
2014-05-15,26057,12.978048764887236,60.7,75,51.1,8.5,0.14,Thursday,5
2014-05-16,17784,11.656169403208876,67.2,75,54,15.9,0.03,Friday,5
2014-05-17,29912,17.701291566372472,62.2,71.1,54,9.8,1.58,Saturday,5
2014-05-18,27436,17.056795208242214,60.4,70,53.1,7.6,0,Sunday,5
2014-05-19,31692,13.411918885943876,60.4,70,53.1,10.5,0,Monday,5
2014-05-20,35567,14.053607745007076,65.5,77,53.1,8.9,0,Tuesday,5
2014-05-21,34420,13.388106236684097,69.7,77,57,6.7,0,Wednesday,5
2014-05-22,24535,12.212325249643371,62.9,75,57.9,6.2,0.27,Thursday,5
2014-05-23,24484,12.904456651963187,60.3,68,57,6.0,0.01,Friday,5
2014-05-24,16798,15.957243917926739,60.2,68,57,6.2,1.09,Saturday,5
2014-05-25,25637,20.052994370116114,65.5,81,55.9,5.4,0.02,Sunday,5
2014-05-26,26930,19.528184800099023,75.2,87.1,55.9,7.2,0,Monday,5
2014-05-27,32936,14.420076309610559,79.5,87.1,66,7.6,0,Tuesday,5
2014-05-28,29690,12.473383294038394,61.3,86,54,11.7,0,Wednesday,5
2014-05-29,33889,13.32472631237275,55.6,63,51.1,9.8,0,Thursday,5
2014-05-30,34343,14.141829970202561,63.2,75.9,51.1,4.1,0,Friday,5
2014-05-31,27734,16.663981635056849,64,75.9,55.9,10.6,0.03,Saturday,5
2014-06-01,31333,18.015508143703656,65.1,77,57,6.0,0.01,Sunday,6
2014-06-02,34519,14.685100476066324,69.7,79,57,9.3,0,Monday,6
2014-06-03,29501,13.369560918838911,75.7,84.9,61,7.4,0,Tuesday,6
2014-06-04,36068,13.843021977006392,69.5,84.9,62.1,6.8,0.06,Wednesday,6
2014-06-05,24619,13.550492167296264,67,81,62.1,7.9,0.4,Thursday,6
2014-06-06,37719,14.525447829122369,67.8,75.9,61,11.3,0.3,Friday,6
2014-06-07,31204,17.868468251933511,71.5,82,61,6.4,0,Saturday,6
2014-06-08,30162,18.067772362575418,76.4,84.9,63,5.5,0,Sunday,6
2014-06-09,18611,12.932912435298119,68,84.9,62.1,7.0,0.45,Monday,6
2014-06-10,33435,13.348906335676187,66.9,75.2,63,6.5,0.79,Tuesday,6
2014-06-11,30548,13.418144122910398,65.6,75,61,9.5,0.04,Wednesday,6
2014-06-12,29084,12.58344966304497,63.6,75.9,59,9.0,0.01,Thursday,6
2014-06-13,18308,12.684859988347537,65.7,75.9,59,8.4,0.14,Friday,6
2014-06-14,28417,16.756327198507922,69.6,75.9,62.1,10.1,1.43,Saturday,6
2014-06-15,28382,17.317562774528458,67.6,79,61,10.0,0,Sunday,6
2014-06-16,34932,14.268376655597542,72,81,61,5.3,0,Monday,6
2014-06-17,35097,14.096376708360639,76.7,88,64,6.7,0,Tuesday,6
2014-06-18,35531,13.559252014672635,83.2,88,70,11.2,0,Wednesday,6
2014-06-19,31724,13.661286407766989,74.8,88,68,5.4,0,Thursday,6
2014-06-20,34405,16.704327859322767,73.3,80.1,66,8.0,0,Friday,6
2014-06-21,30288,17.2301659623173,70,75.9,62.1,8.4,0,Saturday,6
2014-06-22,29417,16.582756569330659,70.1,77,64,6.4,0,Sunday,6
2014-06-23,32580,13.948640781665647,73.2,82,64,6.2,0,Monday,6
2014-06-24,35897,13.736748196228099,73.5,82,66.9,10.8,0,Tuesday,6
2014-06-25,34340,13.136113861386134,75.4,84,69.1,10.3,0,Wednesday,6
2014-06-26,34846,13.568823298704777,77.5,86,71.1,6.3,0.07,Thursday,6
2014-06-27,35823,14.686583572937312,74.5,86,68,7.5,0,Friday,6
2014-06-28,28507,16.904747371990503,75.6,87.1,68,5.4,0,Saturday,6
2014-06-29,27986,17.305518235308135,74.9,87.1,69.1,7.5,0,Sunday,6
2014-06-30,33597,13.798781637249359,75.8,84,69.1,9.0,0,Monday,6
2014-07-01,34854,13.230134752586981,79,88,69.1,10.2,0,Tuesday,7
2014-07-02,26582,12.609202342437234,81.7,91,73,10.1,0,Wednesday,7
2014-07-03,27587,13.287443965152672,78.9,91,72,6.3,0.65,Thursday,7
2014-07-04,13612,15.486074786952688,71.1,89.1,64.9,8.5,0.71,Friday,7
2014-07-05,22913,18.274830154642924,71.8,82.9,64.9,13.7,0.16,Saturday,7
2014-07-06,23822,20.219724764223553,78.2,87.1,64.9,9.5,0,Sunday,7
2014-07-07,31863,14.025829331826881,81.3,91.9,69.1,11.4,0,Monday,7
2014-07-08,32713,13.311302336481928,83.8,93,72,10.7,0.18,Tuesday,7
2014-07-09,34426,13.330690950638081,79.5,93,72,10.2,0,Wednesday,7
2014-07-10,36288,13.710673868312762,76.3,88,70,5.5,0,Thursday,7
2014-07-11,35000,14.03066,76.9,84.9,70,6.1,0,Friday,7
2014-07-12,28718,16.704610348910091,77,86,70,7.0,0,Saturday,7
2014-07-13,24869,15.259172061602797,75.3,86,71.1,10.1,0,Sunday,7
2014-07-14,25825,12.618090351726364,77.2,84.9,71.1,6.3,0.41,Monday,7
2014-07-15,22963,12.218714163364249,76.3,88,72,7.0,0.57,Tuesday,7
2014-07-16,35391,13.5540791915082,73.8,88,68,6.4,0.93,Wednesday,7
2014-07-17,38619,13.719102859559628,75,82.9,68,4.8,0,Thursday,7
2014-07-18,36105,14.457257997507275,74.6,82.9,68,6.1,0,Friday,7
2014-07-19,29291,16.61823256290328,73.1,82,68,6.0,0,Saturday,7
2014-07-20,30296,17.056757767802125,71.2,77,66.9,9.1,0,Sunday,7
2014-07-21,35670,13.678115129427153,74,84,66.9,4.4,0,Monday,7
2014-07-22,36886,13.627777476549367,78.1,87.1,66.9,7.3,0,Tuesday,7
2014-07-23,34173,13.109473365912658,80.2,89.1,72,9.9,0,Wednesday,7
2014-07-24,36693,13.742467682300894,76.8,89.1,73,7.9,0.12,Thursday,7
2014-07-25,36384,14.1577767700088,74.6,82,66.9,6.9,0,Friday,7
2014-07-26,27179,16.451384034242118,75.7,82.9,66.9,7.9,0,Saturday,7
2014-07-27,27004,16.197565792722074,77.5,88,71.1,8.5,0,Sunday,7
2014-07-28,33189,13.454911265780833,78.2,88,70,9.4,0.26,Monday,7
2014-07-29,37092,13.568479276753298,70.6,84,64.9,11.4,0,Tuesday,7
2014-07-30,37377,13.556849131819034,72.5,82.9,64.9,6.5,0,Wednesday,7
2014-07-31,35458,13.663461466147742,75.1,82.9,64.9,8.6,0,Thursday,7
2014-08-01,32654,13.526990567771179,76.7,86,70,7.3,0,Friday,8
2014-08-02,26784,16.543361086220628,71.1,86,64.9,8.7,0.34,Saturday,8
2014-08-03,25276,16.505556654533944,69.6,75.9,64.9,4.8,0.12,Sunday,8
2014-08-04,33822,13.985576942029841,75.4,84,66,5.4,0.01,Monday,8
2014-08-05,34392,13.747544002481193,79.7,89.1,71.1,4.4,0,Tuesday,8
2014-08-06,36336,13.637403676794364,76.9,89.1,71.1,7.1,0,Wednesday,8
2014-08-07,36362,13.852484736813157,75.2,84,66.9,8.1,0,Thursday,8
2014-08-08,34073,14.120054001702231,74,82.9,66,7.1,0,Friday,8
2014-08-09,31636,18.437703354827832,77.5,87.1,66,4.0,0,Saturday,8
2014-08-10,26749,17.21475319949656,78.9,87.1,70,4.8,0,Sunday,8
2014-08-11,33664,13.774130129119138,79.7,87.1,71.1,5.9,0,Monday,8
2014-08-12,26261,12.027818818780696,75.5,87.1,72,11.1,0,Tuesday,8
2014-08-13,27977,13.221852474056067,73.4,86,68,13.5,0.77,Wednesday,8
2014-08-14,35154,14.364689651248788,72,86,64,11.6,0.15,Thursday,8
2014-08-15,32480,13.884582820197046,69.6,79,63,9.2,0,Friday,8
2014-08-16,32017,18.710583440047476,71.7,79,63,7.1,0,Saturday,8
2014-08-17,27417,16.750628563786453,74.7,82.9,66,7.7,0,Sunday,8
2014-08-18,34339,14.094628556451845,72.6,82.9,64,8.8,0.01,Monday,8
2014-08-19,35367,13.925657156859971,72.5,81,64,6.9,0,Tuesday,8
2014-08-20,35532,14.048568426582612,75.4,84,64.9,6.2,0,Wednesday,8
2014-08-21,33804,13.843160572713286,75,84,69.1,6.3,0.07,Thursday,8
2014-08-22,30406,13.575098116599795,71.2,81,64,7.6,1.2,Friday,8
2014-08-23,26429,16.310513703381393,70.1,75.9,66.9,8.2,0.04,Saturday,8
2014-08-24,27493,17.628368433176931,72,80.1,64.9,6.2,0,Sunday,8
2014-08-25,32892,13.790671997243507,75.4,86,64.9,4.4,0,Monday,8
2014-08-26,34519,13.521703989107452,79,86,68,4.6,0,Tuesday,8
2014-08-27,33721,13.675883475183614,79,89.1,71.1,7.0,0,Wednesday,8
2014-08-28,33927,13.819915799608966,76.5,89.1,70,8.9,0,Thursday,8
2014-08-29,31264,14.231134318491984,70.3,80.1,64,8.0,0,Friday,8
2014-08-30,22689,17.233491265958548,71.7,79,64,6.7,0,Saturday,8
2014-08-31,18053,17.046679222289931,77.4,91.9,66.9,9.4,0,Sunday,8
2014-09-01,23575,19.545633085896075,80.3,91.9,73,5.6,0.79,Monday,9
2014-09-02,30507,13.558917079140304,84.3,93,75.9,6.8,0,Tuesday,9
2014-09-03,35535,13.646317714928939,80.2,93,73,9.6,0,Wednesday,9
2014-09-04,36496,14.082504475376295,78.5,86,71.1,6.1,0,Thursday,9
2014-09-05,34831,14.268615601045045,78.3,86,71.1,8.0,0,Friday,9
2014-09-06,25833,15.771490599878705,80.8,91,73,8.0,0,Saturday,9
2014-09-07,29721,17.488032591994433,73.1,91,66,8.2,0.21,Sunday,9
2014-09-08,34335,14.303210523760985,71,80.1,64.9,9.4,0,Monday,9
2014-09-09,34518,13.617086737354425,68.1,77,64,12.5,0,Tuesday,9
2014-09-10,37653,14.179311520109065,68.5,75,62.6,9.3,0,Wednesday,9
2014-09-11,37081,13.377529822101168,73.8,84,63,9.1,0,Thursday,9
2014-09-12,37204,15.752581263663407,70.6,84,63,9.6,0,Friday,9
2014-09-13,17293,15.207226430733051,65.1,71.1,60.8,10.5,0,Saturday,9
2014-09-14,28688,17.444886944599368,62.1,71.1,55,7.4,0.19,Sunday,9
2014-09-15,35045,14.66209397441385,63.6,73,55,6.5,0,Monday,9
2014-09-16,25633,13.024798762012511,63.9,73,55,5.6,0.01,Tuesday,9
2014-09-17,37453,13.74239802775034,65.9,73,57.9,4.3,0.41,Wednesday,9
2014-09-18,37381,15.109120052076367,67.6,75,59,4.6,0,Thursday,9
2014-09-19,34713,13.759263580406955,62.1,75,55,10.3,0,Friday,9
2014-09-20,30011,16.831377939200074,65,73.9,55,9.1,0,Saturday,9
2014-09-21,26080,16.307601610429451,70.4,77,57.9,3.5,0.21,Sunday,9
2014-09-22,33239,13.489832726616328,68.8,77,61,11.1,0,Monday,9
2014-09-23,36347,14.318372447061195,60.9,73,54,7.0,0,Tuesday,9
2014-09-24,35481,14.15637994043761,65,73,54,8.1,0,Wednesday,9
2014-09-25,16650,12.309901901901902,62.6,70,57.9,13.0,0.02,Thursday,9
2014-09-26,35116,14.915348179367426,66.4,77,57.9,7.0,0.15,Friday,9
2014-09-27,30193,18.084732112299758,72.6,82.9,60.1,3.6,0,Saturday,9
2014-09-28,29021,18.296087890378235,73.4,84,64.9,3.2,0,Sunday,9
2014-09-29,33161,15.074445382628188,72.7,84,64.9,4.1,0,Monday,9
2014-09-30,35093,15.192419665840292,69,73.9,64.4,6.2,0,Tuesday,9
2014-10-01,27942,12.342573306611314,63.3,66.2,60.8,8.4,0.04,Wednesday,10
2014-10-02,34492,14.133840697359775,63.3,68,60.1,9.1,0,Thursday,10
2014-10-03,34944,15.281557158119654,62.4,69.1,57,6.8,0,Friday,10
2014-10-04,13354,14.132470920073882,65,71.1,57,10.0,0.07,Saturday,10
2014-10-05,23456,15.738347686448387,54.2,71.1,46.9,12.2,0.98,Sunday,10
2014-10-06,31742,13.726223405372483,59.2,71.1,46.9,8.5,0,Monday,10
2014-10-07,32892,13.510334833191452,67.1,72,51.1,11.4,0,Tuesday,10
2014-10-08,33607,16.683948284583575,67.6,73,64,13.5,0.06,Wednesday,10
2014-10-09,32203,13.678046558809223,64.2,73,57.9,12.6,0.03,Thursday,10
2014-10-10,30887,14.820139540907176,60.3,69.1,54,6.5,0,Friday,10
2014-10-11,12965,14.296921198097442,56.2,62.1,51.8,6.2,0.13,Saturday,10
2014-10-12,23394,17.592083440198344,55.1,62.1,48.9,5.3,0.2,Sunday,10
2014-10-13,22752,13.443484821847163,58.8,66,48.9,4.4,0,Monday,10
2014-10-14,32614,18.747257312810451,67.6,75.9,53.1,8.5,0.03,Tuesday,10
2014-10-15,28743,13.511033990884739,71.9,78.1,64,12.9,0,Wednesday,10
2014-10-16,26754,13.593397871969302,69.8,78.1,64.9,11.0,0.72,Thursday,10
2014-10-17,34132,15.251804757998363,65.8,72,61,8.7,0.08,Friday,10
2014-10-18,24978,17.851717511410044,64.1,72,60.1,8.9,0,Saturday,10
2014-10-19,18840,14.547722929936304,54.5,70,48,14.8,0,Sunday,10
2014-10-20,27914,17.183799646533391,49.8,61,44.1,8.4,0,Monday,10
2014-10-21,31330,13.243528034897327,60,68,44.1,5.6,0,Tuesday,10
2014-10-22,9169,11.838021230959393,57,68,52,11.5,0.35,Wednesday,10
2014-10-23,13371,12.233315882631567,52.2,59,51.1,15.6,1,Thursday,10
2014-10-24,29837,13.538779591335144,54.7,62.1,51.1,11.2,0.23,Friday,10
2014-10-25,24952,16.5570815966656,58.7,68,51.1,8.3,0,Saturday,10
2014-10-26,20768,15.548127728556755,59.6,68,52,13.3,0,Sunday,10
2014-10-27,28806,14.050002892915826,57,64,51.1,11.0,0,Monday,10
2014-10-28,32956,12.994410729457455,60.4,72,51.1,6.1,0,Tuesday,10
2014-10-29,29999,12.749371645721526,64.2,72,53.1,7.1,0,Wednesday,10
2014-10-30,31133,13.208668722363196,54,72,50,8.4,0,Thursday,10
2014-10-31,27785,18.070444484434049,49.9,57.9,45,9.3,0,Friday,10
2014-11-01,6002,11.19208319449073,48.1,55,45,15.1,0.05,Saturday,11
2014-11-02,14100,16.124030732860518,44.6,48,42.1,19.4,0.17,Sunday,11
2014-11-03,26757,13.746447035666677,48.1,62.1,41,13.6,0,Monday,11
2014-11-04,31174,13.306952909475843,60.2,69.1,41,8.5,0,Tuesday,11
2014-11-05,30539,14.527718109084566,61.4,69.1,55,9.0,0,Wednesday,11
2014-11-06,12283,12.065164590626612,52.7,64,48,5.3,0.13,Thursday,11
2014-11-07,25355,12.322618812857428,49.6,59,45,12.9,0.21,Friday,11
2014-11-08,17443,14.520727512469181,42.4,52,37.9,11.0,0,Saturday,11
2014-11-09,18207,15.170109481701175,49.9,57,37.9,6.2,0,Sunday,11
2014-11-10,27655,12.945201591032363,51.8,61,42.1,3.4,0,Monday,11
2014-11-11,29358,12.823087403774098,54.9,64,42.1,5.0,0,Tuesday,11
2014-11-12,27807,12.878346579398473,58.7,66,46.9,5.6,0,Wednesday,11
2014-11-13,20652,14.00368729420879,45.7,66,39.9,5.3,0,Thursday,11
2014-11-14,21082,12.606940359864655,39.3,48,36,12.4,0.2,Friday,11
2014-11-15,14057,12.988551374167082,37.8,43,34,9.7,0.03,Saturday,11
2014-11-16,13272,13.046382107695395,39.4,44.1,34,5.4,0,Sunday,11
2014-11-17,8116,12.37136520453425,43.6,53.1,35.1,5.8,0.51,Monday,11
2014-11-18,16691,11.099698440277194,37.1,53.1,28,16.2,1,Tuesday,11
2014-11-19,16694,13.006334611237572,26.7,46,21.9,12.9,0,Wednesday,11
2014-11-20,20611,12.013123251338282,38.1,46,21.9,11.2,0,Thursday,11
2014-11-21,17806,10.811233104945899,33.1,46,28,15.8,0,Friday,11
2014-11-22,12682,13.606544709036429,34.3,43,28,8.8,0,Saturday,11
2014-11-23,15669,14.317903716467756,46.9,55,28.9,7.9,0,Sunday,11
2014-11-24,23031,12.727714095494482,57.5,64,44.1,10.6,0.61,Monday,11
2014-11-25,25580,14.14487816002085,60.1,66.9,48.9,9.7,0,Tuesday,11
2014-11-26,3675,12.755083900226762,44,53.1,33.8,9.8,0,Wednesday,11
2014-11-27,3945,11.856244190959018,36.5,51.1,34,11.3,1.07,Thursday,11
2014-11-28,8378,11.867243574440998,34.4,37.9,30.9,13.1,0.01,Friday,11
2014-11-29,8183,11.973750458267137,31.4,37,28.9,5.9,0,Saturday,11
2014-11-30,12384,14.75855135658915,46.5,53.1,28.9,7.7,0,Sunday,11
2014-12-01,18519,12.885524776355814,55.4,64,44.1,7.6,0,Monday,12
2014-12-02,15367,11.433989501312334,39.7,46,35.1,12.3,0.05,Tuesday,12
2014-12-03,13472,14.234154790182103,43.5,46.9,35.1,8.3,0.12,Wednesday,12
2014-12-04,21335,11.880248418092338,42,46.9,37.9,11.3,0.09,Thursday,12
2014-12-05,15818,12.185782020482993,38.4,46,34,9.3,0,Friday,12
2014-12-06,4047,13.022934684128161,44.9,48.9,34,4.1,0.7,Saturday,12
2014-12-07,10510,11.942905169679671,39.4,48.9,34,15.3,1.14,Sunday,12
2014-12-08,15557,11.212750958839537,29.8,34,24.8,13.7,0.03,Monday,12
2014-12-09,6713,11.398646904017083,38.7,45,25,18.1,0.45,Tuesday,12
2014-12-10,10399,11.292754110972208,38.6,45,32,14.8,2.26,Wednesday,12
2014-12-11,18141,11.962103338661963,34.2,37,30.2,14.9,0.02,Thursday,12
2014-12-12,17892,11.387605261196809,34.5,37.9,30.9,12.7,0.03,Friday,12
2014-12-13,12549,16.932308019231275,37.2,44.1,32,13.7,0,Saturday,12
2014-12-14,11941,13.483606900594596,40.4,45,35.1,11.3,0,Sunday,12
2014-12-15,19382,11.993359818388193,41.6,48.9,37,5.9,0,Monday,12
2014-12-16,16816,11.87185517760863,41.5,48.9,36,5.6,0,Tuesday,12
2014-12-17,20346,11.689852223205213,46.5,53.1,36,8.6,0.19,Wednesday,12
2014-12-18,19051,11.244470106556083,41,53.1,37.9,15.4,0.03,Thursday,12
2014-12-19,17200,11.366994186046515,36.8,43,33.1,13.5,0,Friday,12
2014-12-20,9582,11.221432547136994,31.9,37.9,30,7.8,0,Saturday,12
2014-12-21,8747,12.430042681300252,33.1,36,30,5.7,0,Sunday,12
2014-12-22,13560,12.202332841691245,37.9,43,32,7.1,0,Monday,12
2014-12-23,9422,11.695476898040049,44.1,46.4,42.8,9.9,0.17,Tuesday,12
2014-12-24,4285,11.677639050952939,44.5,54,42.8,7.8,0.08,Wednesday,12
2014-12-25,4890,18.956530334014989,52.6,63,43,12.0,0.71,Thursday,12
2014-12-26,9895,14.20262758969176,45.3,63,39.9,9.4,0.07,Friday,12
2014-12-27,10247,16.139143163852829,47.4,55,39.9,4.6,0,Saturday,12
2014-12-28,7902,13.044575213026237,48.1,55,42.1,6.8,0,Sunday,12
2014-12-29,13549,13.280457352326124,41.3,52,37.9,10.0,0.1,Monday,12
2014-12-30,12196,11.500896468787582,32.6,44.1,28.9,8.0,0,Tuesday,12
2014-12-31,9739,12.678344799260707,29.4,35.1,27,7.8,0,Wednesday,12
2015-01-01,5317,13.363444298163127,31.2,39,27,11.5,0,Thursday,1
2015-01-02,11304,12.187349610757256,38.6,42.1,27,12.6,0,Friday,1
2015-01-03,4478,10.921404644930774,35.2,42.1,30.9,8.1,0,Saturday,1
2015-01-04,7849,11.325903512124684,45.1,57,30.9,8.4,0.85,Sunday,1
2015-01-05,14506,10.630196700216,42.5,57,28.9,18.2,0.13,Monday,1
2015-01-06,8739,10.582040279208144,21.2,28.9,17.6,8.7,0,Tuesday,1
2015-01-07,9646,9.8201828046167687,21.7,25,15.1,14.8,0.05,Wednesday,1
2015-01-08,8779,9.9310153016668554,13.2,25,8.1,14.6,0,Thursday,1
2015-01-09,7930,10.610964691046657,24,33.1,8.1,13.3,0,Friday,1
2015-01-10,6109,9.9337616631199879,21.7,33.1,17.1,13.3,0.06,Saturday,1
2015-01-11,7467,10.384540868711213,24.8,37,17.1,8.5,0,Sunday,1
2015-01-12,8645,10.394794679005205,36,37.9,19,5.6,0,Monday,1
2015-01-13,12797,10.308126904743297,30.2,39,19,12.1,0.39,Tuesday,1
2015-01-14,13086,10.383807122115241,22,36,17.1,9.1,0,Wednesday,1
2015-01-15,14075,10.556677323860271,29.5,34,17.1,7.6,0,Thursday,1
2015-01-16,13843,10.422846685448718,34,42.1,25,13.0,0,Friday,1
2015-01-17,7491,10.954093801450627,22.3,42.1,17.1,11.8,0,Saturday,1
2015-01-18,1795,12.057901578458681,32.7,41,17.1,4.6,0,Sunday,1
2015-01-19,10710,11.52877840024899,39.4,43,28.9,12.3,1.98,Monday,1
2015-01-20,16129,10.797786595573196,37.2,42.1,34,9.6,0,Tuesday,1
2015-01-21,15234,10.447485886832089,30.5,39.9,25,7.0,0,Wednesday,1
2015-01-22,15864,10.675724911749873,34,39,25,5.3,0,Thursday,1
2015-01-23,15737,10.659342102476115,32.4,39,28,9.9,0,Friday,1
2015-01-24,4814,10.505058163689238,35.1,39.9,28,8.3,0.66,Saturday,1
2015-01-25,9379,12.021174965348115,37.6,42.1,32,12.8,0.07,Sunday,1
2015-01-26,4141,11.085237060291394,26.6,35.1,21.2,14.7,0,Monday,1
2015-01-27,1214,15.93785008237232,24.4,30,19.9,14.9,0.45,Tuesday,1
2015-01-28,5401,14.174285626118625,23.5,34,17.1,11.7,0.01,Wednesday,1
2015-01-29,8870,12.531798196166854,26.3,34,17.1,6.1,0,Thursday,1
2015-01-30,9015,10.857901645405802,33.9,37,21,10.8,0.07,Friday,1
2015-01-31,5188,10.446366615266003,20.4,37,12.9,21.5,0.01,Saturday,1
2015-02-01,6441,10.635820007245252,27.5,36,12.9,8.8,0,Sunday,2
2015-02-02,1459,15.347703906785471,29.6,36,19.9,11.2,0.84,Monday,2
2015-02-03,4754,12.787074042911234,19.3,33.1,14,13.4,0.26,Tuesday,2
2015-02-04,8973,11.625942642743045,30,39.9,14,5.6,0,Wednesday,2
2015-02-05,9208,10.389945337387777,33.2,41,21,12.1,0,Thursday,2
2015-02-06,8575,10.618616132167151,18.1,39.9,12,13.3,0,Friday,2
2015-02-07,6790,11.441013745704465,29,36,12,7.1,0,Saturday,2
2015-02-08,6662,11.115628439907937,33,36,26.1,8.9,0.01,Sunday,2
2015-02-09,5160,10.565529715762276,28.9,35.6,25.9,15.3,0.03,Monday,2
2015-02-10,10328,10.637577459333848,29.9,39,26.1,11.0,0.04,Tuesday,2
2015-02-11,11439,10.817006148556107,28.4,39,21.9,9.3,0,Wednesday,2
2015-02-12,11269,10.797302333836186,32.3,39.9,21.9,6.9,0,Thursday,2
2015-02-13,7642,10.384181715083313,17.6,39.9,9,18.2,0,Friday,2
2015-02-14,4614,10.430779511631263,22.9,32,9,7.1,0,Saturday,2
2015-02-15,2581,9.4976430324163754,20.5,32,10.9,19.7,0.01,Sunday,2
2015-02-16,3998,9.9301775887944,10.2,26.1,3.9,15.4,0,Monday,2
2015-02-17,4784,10.820833333333333,19.4,28,3.9,6.6,0.11,Tuesday,2
2015-02-18,9170,10.799540167211919,24.2,30.9,14,5.0,0.02,Wednesday,2
2015-02-19,7799,9.925582339616188,22,30.9,15.1,14.9,0,Thursday,2
2015-02-20,6159,10.046747307463329,10.9,27,3,18.2,0,Friday,2
2015-02-21,3157,9.8488332805405943,20.1,28.9,3,8.0,0.01,Saturday,2
2015-02-22,4274,11.950760411792228,34.1,42.1,14,3.7,0.71,Sunday,2
2015-02-23,7458,10.532466255475109,29.3,42.1,16,14.0,0.11,Monday,2
2015-02-24,7402,10.747858686841393,12.4,37.9,6.1,9.9,0,Tuesday,2
2015-02-25,10751,10.857537283353492,27.7,37.9,6.1,8.7,0,Wednesday,2
2015-02-26,9901,11.258465474867858,26.9,37.9,21,9.3,0,Thursday,2
2015-02-27,9864,10.997024533657743,23.7,32,19,7.3,0,Friday,2
2015-02-28,6318,10.824021314762057,22.1,30,15.1,7.2,0,Saturday,2
2015-03-01,2879,12.341061711242332,26.7,30,15.1,4.4,0,Sunday,3
2015-03-02,7283,11.292155247379743,32.2,37.9,24.1,9.0,0.48,Monday,3
2015-03-03,6533,12.700640338792793,28.4,37.9,24.1,9.8,0,Tuesday,3
2015-03-04,7514,11.673711294472541,38.9,46.9,24.1,8.0,0.73,Wednesday,3
2015-03-05,1637,15.43091020158827,32.9,44.1,21.2,8.6,0.46,Thursday,3
2015-03-06,5162,12.277776701536872,21,41,15.1,7.1,0.38,Friday,3
2015-03-07,5590,14.794570661896239,26.8,37.9,15.1,9.3,0,Saturday,3
2015-03-08,7898,13.692379927407783,40.2,48,35.1,8.4,0,Sunday,3
2015-03-09,14878,12.643708831832237,44.9,54,35.1,6.5,0.02,Monday,3
2015-03-10,11781,12.056681662564017,40.7,54,33.1,4.6,0.11,Tuesday,3
2015-03-11,19561,13.397417480360584,46.4,60.1,33.1,7.5,0.44,Wednesday,3
2015-03-12,17530,12.152317931165621,45.3,60.1,37,16.4,0.02,Thursday,3
2015-03-13,16145,12.06039537524517,37.1,46.9,30.9,8.4,0,Friday,3
2015-03-14,3906,12.147486772486774,43.6,51.8,37.4,7.1,0.21,Saturday,3
2015-03-15,8838,12.096647054386365,44.1,51.1,37,14.0,0.81,Sunday,3
2015-03-16,16787,11.890594904787429,40.2,51.1,36,9.3,0,Monday,3
2015-03-17,14857,11.77855107581162,47.9,54,36,10.6,0,Tuesday,3
2015-03-18,13842,11.3333887203198,33.7,37.9,28.9,19.6,0.01,Wednesday,3
2015-03-19,15446,12.821573007035264,33.5,42.1,28,10.7,0,Thursday,3
2015-03-20,8052,11.094823232323233,34.4,42.1,28.9,8.4,0,Friday,3
2015-03-21,9338,13.598843435425145,34.9,46.9,28.9,7.1,0.29,Saturday,3
2015-03-22,9676,12.476186785172937,39.9,48,28.9,13.8,0.01,Sunday,3
2015-03-23,13538,10.822777859851286,30.5,44.1,24.1,12.3,0,Monday,3
2015-03-24,16166,11.326275310322078,33.6,44.1,24.1,7.4,0,Tuesday,3
2015-03-25,14670,11.680996364462626,39.1,48,26.1,5.7,0,Wednesday,3
2015-03-26,14954,11.843317284115731,45.2,57,32,4.4,0.05,Thursday,3
2015-03-27,14107,11.57743555208998,44.9,57,37.9,7.7,0.52,Friday,3
2015-03-28,1107,12.674495633845227,37.6,46,33.1,10.7,0.28,Saturday,3
2015-03-29,9826,14.182955085148247,33.5,46,27,10.3,0,Sunday,3
2015-03-30,18075,12.113396957123095,42.2,55,27,10.8,0,Monday,3
2015-03-31,14250,12.694670175438599,42.8,55,34,9.6,0,Tuesday,3
2015-04-01,20146,13.215563883649358,39.8,51.1,34,8.5,0.14,Wednesday,4
2015-04-02,24227,20.767175052627234,49.9,63,34,8.4,0,Thursday,4
2015-04-03,14774,13.698973421776996,59.2,63,39,9.5,0,Friday,4
2015-04-04,14355,15.031241147103213,52,63,46.9,14.3,0.04,Saturday,4
2015-04-05,13799,18.106378481532481,50.1,62.1,43,11.2,0,Sunday,4
2015-04-06,23391,15.093338606016562,46.7,62.1,39,7.8,0,Monday,4
2015-04-07,16262,11.673802935268313,50.6,60.1,39,7.7,0.01,Tuesday,4
2015-04-08,17872,13.848690689346466,43,57,39.9,12.3,0.16,Wednesday,4
2015-04-09,16546,11.794970587050244,39.3,46,37,12.4,0,Thursday,4
2015-04-10,16317,12.313068170211031,43,57.2,39.2,6.9,0.25,Friday,4
2015-04-11,18643,16.437951688748239,55.3,57.2,51.1,14.7,0.24,Saturday,4
2015-04-12,19954,19.100768434065003,51.3,64.9,44.1,7.6,0,Sunday,4
2015-04-13,24925,15.158399197592777,55.6,64.9,44.1,8.0,0,Monday,4
2015-04-14,22703,12.626147792509071,59.3,64.9,46.9,7.0,0,Tuesday,4
2015-04-15,27594,16.236471696745674,59.1,70,51.1,7.4,0,Wednesday,4
2015-04-16,27180,13.467742825607067,56.5,70,46.9,7.4,0,Thursday,4
2015-04-17,24175,15.087127886935534,59.7,71.1,46.9,9.0,0.08,Friday,4
2015-04-18,28174,22.166673173848231,66,79,54,5.7,0,Saturday,4
2015-04-19,21475,18.129433449747768,57.6,79,50,8.8,0,Sunday,4
2015-04-20,11202,11.984380765339523,50.6,61,45,13.2,0,Monday,4
2015-04-21,24868,16.304881105570747,57.4,66.9,45,9.0,0.95,Tuesday,4
2015-04-22,21997,12.904648361140156,58.8,66.9,50,8.9,0.07,Wednesday,4
2015-04-23,22074,14.395430521578934,47.4,66.9,42.1,13.5,0.1,Thursday,4
2015-04-24,20981,14.68019398503408,43.4,50,39,16.1,0,Friday,4
2015-04-25,21082,18.3834479650887,46.1,60.1,39,11.8,0,Saturday,4
2015-04-26,21594,18.999813219721524,52,61,39,5.2,0,Sunday,4
2015-04-27,25501,13.12094623740245,53.8,61,45,9.9,0,Monday,4
2015-04-28,29795,14.786426134138839,57.2,72,48.9,11.5,0,Tuesday,4
2015-04-29,31532,14.744549452408137,64.2,75.9,51.1,8.8,0,Wednesday,4
2015-04-30,29252,15.552346278317149,52.4,75.9,46.9,13.1,0,Thursday,4
2015-05-01,27924,14.358900348565152,52.6,64,46.9,7.6,0,Friday,5
2015-05-02,25743,19.347873855675985,53.9,69.1,48,4.7,0,Saturday,5
2015-05-03,27694,20.460286223249327,59.5,75.9,48,6.4,0,Sunday,5
2015-05-04,32066,16.651919998336751,66.5,82,51.1,7.1,0,Monday,5
2015-05-05,33012,16.947328244274804,72.7,82,54,7.5,0,Tuesday,5
2015-05-06,30313,14.54786285312132,65.3,81,59,6.4,0,Wednesday,5
2015-05-07,34871,15.368028352116847,64.6,75.9,52,5.2,0,Thursday,5
2015-05-08,34304,16.277496793376866,64.2,79,52,6.3,0,Friday,5
2015-05-09,24329,19.635189828325604,58,79,53.1,8.4,0,Saturday,5
2015-05-10,26573,20.346503970195311,66.3,82,53.1,6.0,0.01,Sunday,5
2015-05-11,32382,16.478707306528321,74.4,82.9,57,9.4,0,Monday,5
2015-05-12,35225,15.161436006624085,74.9,87.1,64,9.1,0,Tuesday,5
2015-05-13,33402,15.454865477117142,65.1,87.1,57.9,15.3,0,Wednesday,5
2015-05-14,40826,16.91159677656395,59.7,72,52,8.5,0,Thursday,5
2015-05-15,34945,15.999832117136449,63.2,73.9,52,7.6,0,Friday,5
2015-05-16,23882,18.769493760991537,65.2,75,55.9,6.5,0.01,Saturday,5
2015-05-17,30969,19.890082555673956,70.4,82.9,57,3.2,0.28,Sunday,5
2015-05-18,31559,16.207773271227438,63.6,75.9,55.4,7.5,0.02,Monday,5
2015-05-19,33895,14.039197030043761,61.6,82,55,6.2,0.01,Tuesday,5
2015-05-20,33823,13.874159102780155,62,82,55,13.2,0,Wednesday,5
2015-05-21,31214,13.769075308088247,57.1,66,53.1,7.0,0,Thursday,5
2015-05-22,31891,15.433476529428365,61.8,75,53.1,9.9,0,Friday,5
2015-05-23,23910,20.412528927924157,59.3,75,50,11.5,0,Saturday,5
2015-05-24,25151,21.73567518852796,65.7,81,50,8.7,0,Sunday,5
2015-05-25,28164,20.071817450172791,72.5,82.9,55.9,8.8,0,Monday,5
2015-05-26,35786,15.203880008942045,75.2,86,64.9,10.3,0,Tuesday,5
2015-05-27,33710,13.713029763670525,73.5,86,66.9,9.9,0,Wednesday,5
2015-05-28,35934,13.981679838964027,73.4,84,66.9,7.0,0.02,Thursday,5
2015-05-29,37756,15.598865081046721,73,84,64,7.2,0,Friday,5
2015-05-30,31147,18.942095546922666,73.1,82.9,64,9.8,0,Saturday,5
2015-05-31,19586,18.385298172163793,74.6,86,66,9.6,0,Sunday,5
2015-06-01,15283,10.937380313638249,57.4,86,54,13.8,1.69,Monday,6
2015-06-02,11984,11.233344459279037,52,57.9,50,10.2,0.47,Tuesday,6
2015-06-03,34590,13.803870097330632,58.2,69.1,50,7.3,0.24,Wednesday,6
2015-06-04,32772,13.391322368688721,58.1,69.1,53.1,9.4,0,Thursday,6
2015-06-05,31294,13.49424170767559,59.5,68,54,6.5,0,Friday,6
2015-06-06,26334,18.094258373205736,65.7,73.9,55.9,7.3,0.55,Saturday,6
2015-06-07,30773,19.354561899500649,65.3,73.9,57,7.6,0,Sunday,6
2015-06-08,33585,14.490926008634807,67.5,77,57,11.6,0,Monday,6
2015-06-09,35412,13.748893501261341,73.3,84.9,62.1,10.1,0.05,Tuesday,6
2015-06-10,39350,15.831412960609908,74.2,84.9,66,8.2,0.01,Wednesday,6
2015-06-11,37400,14.352853832442067,80.2,91.9,66,8.8,0,Thursday,6
2015-06-12,35136,14.597696569520343,80.7,91.9,71.1,7.7,0,Friday,6
2015-06-13,29980,19.425647098065376,80.5,88,71.1,10.1,0,Saturday,6
2015-06-14,28184,18.834916974169744,77,87.1,68,6.3,0,Sunday,6
2015-06-15,25087,13.001108808014779,70.3,79,62.6,9.0,0.79,Monday,6
2015-06-16,32147,13.381549859499591,68.1,79,62.6,7.1,0.02,Tuesday,6
2015-06-17,38030,14.446373038828993,73.9,79,64,8.3,0.34,Wednesday,6
2015-06-18,35464,13.128899729302956,66.8,69.8,64.4,7.5,0,Thursday,6
2015-06-19,37380,14.673340913144285,73.2,84.9,64.9,6.0,0,Friday,6
2015-06-20,23580,16.7280491942324,69.5,84.9,64,8.3,0,Saturday,6
2015-06-21,25926,18.059541901308855,75,90,64,9.4,0.25,Sunday,6
2015-06-22,37677,15.116288009484121,79.6,90,69.1,10.1,0.29,Monday,6
2015-06-23,32294,13.689253421688237,84.4,91.9,72,10.3,0,Tuesday,6
2015-06-24,41070,15.155445580715851,77.1,91.9,69.1,10.1,0.07,Wednesday,6
2015-06-25,39673,14.255832262075803,76.8,84.9,69.1,6.0,0,Thursday,6
2015-06-26,38614,15.524874397886776,74.8,84.9,69.1,7.7,0,Friday,6
2015-06-27,15485,15.897769884834789,69,80.1,62.1,8.5,0,Saturday,6
2015-06-28,20591,17.467263205607626,64.2,73.9,60.1,12.4,1.32,Sunday,6
2015-06-29,38037,15.26037586209919,71.3,78.1,62.1,10.1,0.26,Monday,6
2015-06-30,38087,14.458011044888456,75.3,82,64,9.5,0,Tuesday,6
2015-07-01,37539,14.627503396467677,76.4,84.9,70,9.7,0.35,Wednesday,7
2015-07-02,35559,17.682446544241024,75.7,84.9,70,6.4,0,Thursday,7
2015-07-03,26928,18.451265102000391,73.5,81,66.9,4.8,0,Friday,7
2015-07-04,21706,22.563756565005075,71.8,81,66.9,6.9,0,Saturday,7
2015-07-05,25920,19.966261574074089,75.1,84.9,69.1,4.6,0,Sunday,7
2015-07-06,35251,15.052033039251841,77.1,84.9,70,6.2,0,Monday,7
2015-07-07,36837,14.438571273447895,79.5,88,71.1,9.2,0,Tuesday,7
2015-07-08,35047,14.531237576207191,82,89.1,75,7.7,0,Wednesday,7
2015-07-09,31978,15.26879052265099,73.8,89.1,68,6.4,0.09,Thursday,7
2015-07-10,38559,15.947274739144341,75.8,84,68,9.4,0.29,Friday,7
2015-07-11,31719,18.81751263701042,78.6,86,72,3.8,0,Saturday,7
2015-07-12,31037,20.149660620120066,81.1,89.1,72,4.9,0,Sunday,7
2015-07-13,38485,15.629013035381742,80.4,89.1,73,6.9,0,Monday,7
2015-07-14,35802,14.039480103532393,76.1,84.9,71.1,6.8,0,Tuesday,7
2015-07-15,34979,14.368374834424467,75.9,81,71.1,6.5,0.95,Wednesday,7
2015-07-16,42356,16.969341612365035,72.1,81,64,8.7,0.01,Thursday,7
2015-07-17,39595,16.055936776529016,73.5,80.1,64,9.0,0,Friday,7
2015-07-18,28870,18.415917907862838,76.3,86,68,9.5,0,Saturday,7
2015-07-19,28531,19.219338614139009,84.3,93.9,72,5.9,0.18,Sunday,7
2015-07-20,34889,15.001682478718225,89.1,95,78.1,7.1,0,Monday,7
2015-07-21,38499,14.462454436045958,86,95,80.1,6.3,0,Tuesday,7
2015-07-22,42557,15.674898763227358,77.1,91.9,71.1,11.8,0,Wednesday,7
2015-07-23,42175,14.830885595732067,77.1,86,71.1,9.2,0,Thursday,7
2015-07-24,40330,15.098046532771303,78.2,84.9,71.1,5.4,0,Friday,7
2015-07-25,31639,20.197454091469393,78.1,84.9,71.1,6.3,0,Saturday,7
2015-07-26,30543,18.382597212672842,79.8,89.1,71.1,9.6,0,Sunday,7
2015-07-27,38747,15.524270696225948,79.9,89.1,75,8.6,0.05,Monday,7
2015-07-28,40434,14.023608844042142,82.8,93.9,75.9,5.0,0,Tuesday,7
2015-07-29,39428,13.73574067498563,86.3,95,75.9,5.8,0,Wednesday,7
2015-07-30,31166,13.443922864660204,82.1,95,75,8.8,0,Thursday,7
2015-07-31,38571,14.98328061669821,81.1,91,73.9,6.8,1.62,Friday,7
2015-08-01,35179,19.966555331305607,83.7,91,73.9,7.8,0,Saturday,8
2015-08-02,31622,19.153534986191055,81,90,73,6.5,0,Sunday,8
2015-08-03,38888,14.867800692587261,82.5,91.9,73,9.1,0,Monday,8
2015-08-04,40783,14.245816884486183,83.1,91,69.8,9.7,0.3,Tuesday,8
2015-08-05,41075,14.349636437411238,80.5,91,70,6.3,0,Wednesday,8
2015-08-06,42283,14.349701219560261,76.3,88,64.9,6.7,0,Thursday,8
2015-08-07,40999,15.606476580729611,75.8,82,69.1,8.3,0,Friday,8
2015-08-08,38723,21.161636925513694,74.7,82,69.1,6.0,0,Saturday,8
2015-08-09,32716,24.251738700737665,75.7,87.1,69.1,6.8,0,Sunday,8
2015-08-10,39870,20.883078755956859,74.5,84,70,8.5,0,Monday,8
2015-08-11,25066,21.170636852043927,75.1,82.4,71.1,10.9,0.67,Tuesday,8
2015-08-12,42994,18.275141492611386,77.3,84.9,71.1,9.4,0.51,Wednesday,8
2015-08-13,42170,17.915154928464158,75.7,84.9,69.1,7.6,0,Thursday,8
2015-08-14,39983,16.069323629209087,78.9,88,69.1,5.2,0,Friday,8
2015-08-15,37821,21.430396252522847,81.4,91.9,71.1,6.5,0,Saturday,8
2015-08-16,30344,19.528532274365045,82.8,91.9,73.9,4.9,0,Sunday,8
2015-08-17,37449,14.142313101373421,84.7,93,77,4.8,0,Monday,8
2015-08-18,39916,14.111271169455861,83.4,93,77,8.5,0,Tuesday,8
2015-08-19,40726,15.054147637054134,80.2,89.1,75.9,9.6,0,Wednesday,8
2015-08-20,39280,14.207862780040736,81,87.1,75.9,11.0,0,Thursday,8
2015-08-21,38038,14.394969504180033,78.7,87.1,71.1,9.1,0.32,Friday,8
2015-08-22,34277,19.9704840952631,76.6,86,70,6.8,0,Saturday,8
2015-08-23,33071,18.218143287674,75.8,84,70,5.9,0,Sunday,8
2015-08-24,38943,14.512043670663966,78.5,86,71.1,5.5,0,Monday,8
2015-08-25,41655,16.293788660825026,80.6,88,73,8.3,0,Tuesday,8
2015-08-26,42832,14.303074803884952,76.9,88,69.1,9.3,0,Wednesday,8
2015-08-27,43173,14.394793427991264,74.2,82.9,68,9.0,0,Thursday,8
2015-08-28,41755,15.329681076118627,73.1,82.9,66,5.3,0,Friday,8
2015-08-29,34381,21.110881979387838,76.8,84.9,66,5.3,0,Saturday,8
2015-08-30,32913,18.776983765280182,79.1,90,70,7.4,0,Sunday,8
2015-08-31,40119,14.145808303630028,82.7,91.9,72,7.5,0.08,Monday,8
2015-09-01,43291,14.215529401800222,82.6,91.9,75.9,6.3,0,Tuesday,9
2015-09-02,43225,15.431706188548292,80.2,88,75,5.6,0,Wednesday,9
2015-09-03,42879,13.91998841701843,82.6,93,75,4.9,0,Thursday,9
2015-09-04,39956,15.866640804885371,80.3,93,75,8.6,0,Friday,9
2015-09-05,34005,20.368827623388725,72.9,84,66.9,8.7,0,Saturday,9
2015-09-06,33199,20.810108738215011,73.9,84,66.9,5.1,0,Sunday,9
2015-09-07,33682,19.942311917344583,77.8,90,66.9,7.9,0,Monday,9
2015-09-08,42766,15.736452243994451,83.3,95,71.1,7.8,0,Tuesday,9
2015-09-09,44005,13.642563723819267,81.1,88,75.2,10.4,0,Wednesday,9
2015-09-10,22253,12.542506628319778,75.3,89.1,72,8.5,0.66,Thursday,9
2015-09-11,47613,15.51068440691968,72.4,81,66,8.8,0.52,Friday,9
2015-09-12,33661,19.277701692364065,74.6,81,66,7.2,0,Saturday,9
2015-09-13,34794,20.10507750378418,72.6,79,68,8.8,0.22,Sunday,9
2015-09-14,44668,16.586815318945703,66.6,79,59,12.8,0.05,Monday,9
2015-09-15,48729,17.101023688836893,73.2,84,59,6.2,0,Tuesday,9
2015-09-16,51179,16.262160586698975,76.8,87.1,64.9,2.7,0,Wednesday,9
2015-09-17,50705,17.2233701475857,78,87.1,68,4.1,0,Thursday,9
2015-09-18,50285,17.841787478041834,76.9,87.1,70,5.0,0,Friday,9
2015-09-19,43011,23.090150194136381,73.9,84.9,69.1,7.7,0,Saturday,9
2015-09-20,40462,22.248878371476113,73.3,80.1,69.1,10.8,0,Sunday,9
2015-09-21,47180,16.602875865479717,65.4,75.9,59,11.0,0,Monday,9
2015-09-22,48685,16.310683304234711,66.3,73,59,10.8,0,Tuesday,9
2015-09-23,48366,17.72357165501937,67.6,79,59,6.3,0,Wednesday,9
2015-09-24,52706,17.991786197649862,69.9,81,59,6.4,0,Thursday,9
2015-09-25,51368,18.575825741057983,68.5,81,63,9.7,0,Friday,9
2015-09-26,42560,21.346217496867162,65.9,70,60.8,9.5,0,Saturday,9
2015-09-27,38285,20.841134038570363,62.2,70,55.9,9.1,0,Sunday,9
2015-09-28,48011,17.792971749529617,68.5,79,55.9,6.3,0,Monday,9
2015-09-29,48725,17.201326150162476,74.7,82.9,64.9,5.5,0,Tuesday,9
2015-09-30,39445,14.548676215827943,73.2,82.9,66,10.6,1.05,Wednesday,9
2015-10-01,34719,18.449217527386544,59.4,78.1,54,13.6,0.06,Thursday,10
2015-10-02,9444,18.695468022024571,53.9,57.9,50,16.3,0.13,Friday,10
2015-10-03,16564,20.158481244465911,51.6,55,48.2,21.6,1.45,Saturday,10
2015-10-04,30214,20.876187639284229,57.1,63,48.9,18.2,0.02,Sunday,10
2015-10-05,44581,18.537194469990954,57.2,64.9,51.8,11.5,0,Monday,10
2015-10-06,49719,17.548851210469504,62.4,73,52,5.0,0,Tuesday,10
2015-10-07,50141,16.422139566422697,64.6,73,55,5.5,0,Wednesday,10
2015-10-08,50179,18.0250712449431,64.2,73,59,5.9,0,Thursday,10
2015-10-09,37283,21.964734597537749,66.9,78.1,60.1,7.7,0,Friday,10
2015-10-10,39345,23.57990553649341,60,78.1,52,8.1,0.5,Saturday,10
2015-10-11,38967,25.43378927468541,59.7,70,52,6.2,0,Sunday,10
2015-10-12,45584,18.562714256464261,64.5,75.9,53.1,6.4,0,Monday,10
2015-10-13,49047,16.9814732127687,66.1,75.9,55.9,6.8,0,Tuesday,10
2015-10-14,49998,15.807131618598074,64.5,73,59,9.2,0,Wednesday,10
2015-10-15,48783,17.141100041681192,58.5,68,52,9.1,0,Thursday,10
2015-10-16,46484,17.561983334767518,59,64,52,10.0,0,Friday,10
2015-10-17,31809,20.511525564043726,52.9,64,48,11.6,0,Saturday,10
2015-10-18,23978,16.756904245558431,44.4,55,39,11.4,0,Sunday,10
2015-10-19,36570,16.252126515358675,43.5,53.1,37,8.1,0,Monday,10
2015-10-20,45376,16.729051334038548,56,71.1,37,10.5,0,Tuesday,10
2015-10-21,49121,16.535452589863123,65.5,75.9,48.9,5.9,0,Wednesday,10
2015-10-22,49604,17.312967368222992,65,75.9,57,7.2,0,Thursday,10
2015-10-23,44679,17.506105030700482,60,75.9,52,11.0,0,Friday,10
2015-10-24,31713,19.284232543961991,48.3,64.9,41,7.7,0,Saturday,10
2015-10-25,29289,19.484441257810108,59.3,68,41,9.1,0.01,Sunday,10
2015-10-26,42165,15.205814854342071,53,68,48,8.4,0.02,Monday,10
2015-10-27,44553,14.859671252964636,52.2,59,46,6.0,0,Tuesday,10
2015-10-28,20736,14.432488586676962,56.9,70,46,12.7,0,Wednesday,10
2015-10-29,45358,16.44813189881976,67.6,73.9,51.1,13.5,1.26,Thursday,10
2015-10-30,44518,15.936337361666441,56.8,73.9,51.1,13.4,0.01,Friday,10
2015-10-31,31756,20.491124511903262,49,60.1,43,7.8,0,Saturday,10
2015-11-01,30622,20.196167787864937,57.3,64.9,43,7.1,0,Sunday,11
2015-11-02,44534,16.637726605889132,60.2,64.9,53.1,4.9,0,Monday,11
2015-11-03,49326,18.015803700550084,61.3,73,51.1,2.5,0,Tuesday,11
2015-11-04,49487,16.941281548689556,61.5,73,51.1,3.6,0,Wednesday,11
2015-11-05,43006,15.287937729619125,62,71.1,55,3.3,0,Thursday,11
2015-11-06,47162,17.097363696761505,68.3,75,57,7.5,0,Friday,11
2015-11-07,35586,21.318811236628637,65.9,75,57,9.2,0,Saturday,11
2015-11-08,32317,19.788492640612265,53.5,72,48,9.9,0,Sunday,11
2015-11-09,42262,15.837494676068335,53,60.1,46,2.9,0,Monday,11
2015-11-10,21585,13.018756080611537,56,60.1,46,9.6,0,Tuesday,11
2015-11-11,37705,14.937811077222296,53.2,59,50,12.7,0.5,Wednesday,11
2015-11-12,37319,13.343849424332557,55.2,60.1,50,8.0,0.23,Thursday,11
2015-11-13,38970,14.539436746215033,56.8,60.1,51.1,16.1,0.01,Friday,11
2015-11-14,25299,17.232278614437984,47.8,59,45,16.2,0,Saturday,11
2015-11-15,25990,18.136986020264207,47.4,59,42.1,8.5,0,Sunday,11
2015-11-16,40916,15.260485303222861,58.8,68,42.1,5.7,0,Monday,11
2015-11-17,38939,14.368553806380918,49.1,68,41,10.7,0,Tuesday,11
2015-11-18,41485,13.985746655417627,50.5,59,41,7.3,0,Wednesday,11
2015-11-19,21890,14.644936805238316,59.7,64,45,11.7,0,Thursday,11
2015-11-20,38205,16.313732059503554,58.9,64.4,53.1,12.5,1.16,Friday,11
2015-11-21,28038,16.867668877951346,47.2,64,43,8.7,0,Saturday,11
2015-11-22,23343,16.721426837453052,52.1,55.9,43,7.9,0,Sunday,11
2015-11-23,30136,13.275741084859748,41.8,55.9,36,13.2,0,Monday,11
2015-11-24,32218,13.300495582179732,39.2,46.9,33.1,7.2,0,Tuesday,11
2015-11-25,30295,15.095552071298892,44,48.9,33.1,6.5,0,Wednesday,11
2015-11-26,13291,23.749510947257544,48.1,60.1,39.9,3.9,0,Thursday,11
2015-11-27,22824,18.527007389882005,55.6,64.9,41,5.0,0,Friday,11
2015-11-28,15830,17.995388502842705,57.2,64.9,46.9,6.8,0,Saturday,11
2015-11-29,18452,15.968623997398657,43,46.9,37.9,8.7,0.03,Sunday,11
2015-11-30,30213,12.731424111033881,39.8,46,33.8,10.5,0,Monday,11
2015-12-01,18399,12.880604924180663,47.1,53.6,44.1,9.6,0.13,Tuesday,12
2015-12-02,23782,13.50713424718975,48.1,55.4,46,5.1,0.24,Wednesday,12
2015-12-03,33917,13.151216204263351,51.4,57.2,46.9,11.5,0.1,Thursday,12
2015-12-04,34737,14.553756321309651,46.9,55.9,44.1,10.5,0,Friday,12
2015-12-05,26358,21.226578268457388,47.1,52,43,4.1,0,Saturday,12
2015-12-06,24943,19.680364564540483,47.1,53.1,39.9,3.6,0,Sunday,12
2015-12-07,34139,14.107047658103637,48.8,55,39.9,4.5,0,Monday,12
2015-12-08,35614,13.692017184253382,45.3,55,41,6.5,0,Tuesday,12
2015-12-09,35306,14.534629147076036,45.7,53.1,39,4.2,0,Wednesday,12
2015-12-10,39099,14.72724963127787,55,61,39,6.0,0,Thursday,12
2015-12-11,39060,15.879403481822848,54.3,61,48.9,5.4,0,Friday,12
2015-12-12,31957,20.004699544179164,59,66,48.9,3.6,0,Saturday,12
2015-12-13,32001,19.657040925804413,57.1,66,53.1,3.3,0,Sunday,12
2015-12-14,32518,13.526458166758927,53.7,62.1,51.1,5.6,0,Monday,12
2015-12-15,38661,13.75023451712751,60.7,64.4,55,12.4,0.39,Tuesday,12
2015-12-16,35643,13.286628978106974,50,64,45,10.8,0.11,Wednesday,12
2015-12-17,21961,14.378934626534919,53.4,59,48,6.5,0.05,Thursday,12
2015-12-18,30704,14.70371232846969,51.1,59,43,9.6,0.88,Friday,12
2015-12-19,17778,14.954873064086701,39.2,57,36,15.5,0.01,Saturday,12
2015-12-20,17030,16.171584458798197,39.8,44.1,36,12.0,0,Sunday,12
2015-12-21,29800,12.924189038031319,45.6,55,36,8.0,0,Monday,12
2015-12-22,22941,13.471548029001934,56.8,62.6,55,6.4,0,Tuesday,12
2015-12-23,14817,13.377803648961773,54.2,62.1,50,6.1,0.18,Wednesday,12
2015-12-24,18447,18.842397137745969,64,72,50,9.2,1.46,Thursday,12
2015-12-25,12333,34.91361253006837,60.3,72,54,2.3,0.01,Friday,12
2015-12-26,13914,23.211406976187046,54.5,64,50,7.7,0.03,Saturday,12
2015-12-27,13177,21.124116516151876,52.4,62.6,46,6.8,0.14,Sunday,12
2015-12-28,18889,14.818268127834545,44.8,62.1,39,11.7,0.02,Monday,12
2015-12-29,13347,12.112379810694042,40.2,46.9,33.8,12.7,0.37,Tuesday,12
2015-12-30,22477,15.921718497427,41.8,48,34,4.8,0.13,Wednesday,12
2015-12-31,20376,16.815838895432542,47,48.2,46,5.7,0.17,Thursday,12
2016-01-01,11009,20.218967814212611,41.9,50,39,11.8,0.03,Friday,1
2016-01-02,14587,17.119549370444009,37.3,43,34,11.9,0,Saturday,1
2016-01-03,15499,15.743290965008494,40,46.9,34,9.9,0,Sunday,1
2016-01-04,19593,12.859374946834754,33.7,46.9,21,13.9,0,Monday,1
2016-01-05,18053,11.371251315570818,19.5,37.9,12.9,13.8,0,Tuesday,1
2016-01-06,24569,13.9251387249515,32.2,43,12.9,4.2,0,Wednesday,1
2016-01-07,27773,12.897569581968096,39,48,26.1,3.7,0,Thursday,1
2016-01-08,28709,14.043273886237763,40.3,48,32,7.0,0,Friday,1
2016-01-09,20846,14.839802999776136,43.7,48,34,10.8,0,Saturday,1
2016-01-10,14275,15.183514302393464,50.9,59,41,12.7,0.63,Sunday,1
2016-01-11,22937,11.935826394035837,37.8,59,30.9,16.0,0.79,Monday,1
2016-01-12,25211,12.203203628045959,32.9,45,26.1,9.0,0,Tuesday,1
2016-01-13,21133,13.283152731115639,29.3,45,24.1,16.9,0,Wednesday,1
2016-01-14,23780,13.019561956826468,28.7,39,24.1,11.0,0,Thursday,1
2016-01-15,28435,14.487640818240431,40.2,52,24.1,4.8,0,Friday,1
2016-01-16,19178,16.918041505892166,46.3,52,34,9.6,0.24,Saturday,1
2016-01-17,12024,16.351681359503218,38.9,46.9,30.2,9.5,0.02,Sunday,1
2016-01-18,12718,12.472764323530956,29,44.1,24.1,15.0,0.05,Monday,1
2016-01-19,17281,11.166679204521342,22.8,33.1,18,19.0,0,Tuesday,1
2016-01-20,23420,12.554346712211789,32.1,37.9,18,13.0,0,Wednesday,1
2016-01-21,23672,13.704975639292549,32.6,37.9,28,10.8,0,Thursday,1
2016-01-22,20950,14.860442322991251,27.3,37.9,21.9,10.5,0,Friday,1
2016-01-27,6761,17.990472316718432,44.4,48.9,35.1,10.3,0.01,Wednesday,1
2016-01-28,11946,16.815265918857076,37.9,48,28.9,5.4,0,Thursday,1
2016-01-29,16028,14.059549954246732,39.8,44.1,28.9,8.0,0,Friday,1
2016-01-30,12973,15.28683290937588,34,42.1,30,10.4,0,Saturday,1
2016-01-31,16118,16.035860528601567,42.4,55.9,30,6.8,0,Sunday,1
2016-02-01,24334,13.250679433440181,50.5,59,37,6.5,0,Monday,2
2016-02-02,28528,14.370903439895306,45.5,59,37.9,5.0,0,Tuesday,2
2016-02-03,16203,11.663013022279827,48.1,57,37.9,9.0,0,Wednesday,2
2016-02-04,27766,15.733332132824319,54,57.9,42.1,8.2,0.69,Thursday,2
2016-02-05,13670,13.922404291636187,39.4,57.9,32,13.7,0.31,Friday,2
2016-02-06,16933,16.371742553987279,36,44.1,32,9.3,0.05,Saturday,2
2016-02-07,17605,15.890264129508658,39.6,46,32,5.0,0,Sunday,2
2016-02-08,19026,12.806705736010372,36.7,39.9,30.2,13.5,0,Monday,2
2016-02-09,22741,13.106703750934434,30.2,41,27,8.3,0.06,Tuesday,2
2016-02-10,22420,13.478496134403807,35.4,39.9,27,7.6,0.01,Wednesday,2
2016-02-11,18748,13.523118021477847,28.1,39.9,23,17.3,99.99,Thursday,2
2016-02-12,16449,15.26337163353395,21.7,32,17.1,12.3,0.05,Friday,2
2016-02-13,6625,13.904042767295598,21.6,27,10.9,17.0,0,Saturday,2
2016-02-14,4653,15.776377247653848,8.3,24.1,1,15.8,0,Sunday,2
2016-02-15,5884,11.873243825062319,19.1,30.9,1,6.2,0,Monday,2
2016-02-16,14542,12.414541787007746,46.1,57.2,30.9,13.4,0.49,Tuesday,2
2016-02-17,23572,12.860501159567852,39.9,57,35.1,12.6,0.8,Wednesday,2
2016-02-18,22261,14.314943922854619,33.9,41,28.9,12.8,0,Thursday,2
2016-02-19,21959,13.206008925725213,30.2,37.4,25,7.6,0,Friday,2
2016-02-20,24484,20.461634128410388,47.4,62.1,25,10.1,0,Saturday,2
2016-02-21,20052,19.637280570516655,53.1,62.1,39.9,8.4,0,Sunday,2
2016-02-22,28233,14.050746762063303,46,57,39,6.1,0.05,Monday,2
2016-02-23,16133,12.878113184156696,38.8,53.1,36,13.0,0,Tuesday,2
2016-02-24,9761,11.923438513813478,39.8,55.4,35.6,14.0,0.3,Wednesday,2
2016-02-25,25102,12.412082038615781,52.7,61,36,17.1,1.48,Thursday,2
2016-02-26,22573,12.972426497733275,36.6,41,33.1,17.7,0.02,Friday,2
2016-02-27,17226,16.949139866093891,32.6,42.1,28,11.5,0,Saturday,2
2016-02-28,25437,20.95710120428248,46.3,61,28,10.1,0,Sunday,2
2016-02-29,27954,13.314709284300399,51.2,61,39,9.4,0,Monday,2
2016-03-01,30509,15.124711287379682,46.6,61,39.9,11.4,0.07,Tuesday,3
2016-03-02,26195,13.532020741871859,46.5,55.9,36,15.1,0.17,Wednesday,3
2016-03-03,24061,13.285572087610655,31.5,36,27,11.9,0,Thursday,3
2016-03-04,17369,12.661628955802485,33.7,42.1,27,10.0,0.04,Friday,3
2016-03-05,18023,16.747829625108661,34.8,42.1,30,9.4,0.04,Saturday,3
2016-03-06,18832,16.345742176437273,37.8,46.9,30,4.5,0,Sunday,3
2016-03-07,31492,16.197380287057026,45.1,61,33.1,9.3,0,Monday,3
2016-03-08,36521,15.03219061179413,53.9,64,37,5.8,0,Tuesday,3
2016-03-09,41490,18.32860287619507,54,75,41,5.3,0,Wednesday,3
2016-03-10,42252,17.652698886048793,70,78.1,64,6.7,0,Thursday,3
2016-03-11,38195,18.2754077758869,61.2,78.1,54,9.7,0.04,Friday,3
2016-03-12,32771,22.656505243457126,49.6,66,41,7.2,0,Saturday,3
2016-03-13,27550,22.446108892921959,56.7,64,41,5.6,0,Sunday,3
2016-03-14,10930,12.241709362610552,47.6,64,41,12.0,0.02,Monday,3
2016-03-15,31596,15.491558530615686,48,57,41,12.8,0.17,Tuesday,3
2016-03-16,36067,16.425101431594896,53.5,64.9,44.1,3.2,0,Wednesday,3
2016-03-17,35390,16.212757370255257,52.2,64.9,45,7.6,0.02,Thursday,3
2016-03-18,34647,15.460024917982318,53,64,45,13.3,0.04,Friday,3
2016-03-19,24048,18.363905522288754,43.5,57,37,7.0,0,Saturday,3
2016-03-20,16678,19.044263900547627,38.9,46.9,33.1,12.7,0,Sunday,3
2016-03-21,26414,13.608512531233435,39.6,50,33.1,10.4,0.14,Monday,3
2016-03-22,33497,15.566450726930771,43.8,55,37,13.6,0.07,Tuesday,3
2016-03-23,40983,17.209375838762412,57.4,71.1,50,9.1,0,Wednesday,3
2016-03-24,36495,15.035235420377219,50.1,71.1,44.1,11.2,0,Thursday,3
2016-03-25,34097,19.251851580295433,55.9,73,44.1,7.9,0,Friday,3
2016-03-26,27478,25.452501395055428,47,73,39,10.5,0.07,Saturday,3
2016-03-27,22483,21.431044196355764,45.8,54,39,6.8,0,Sunday,3
2016-03-28,20345,14.65862947489145,47.3,62.1,42.8,11.2,0.19,Monday,3
2016-03-29,31481,14.373479770867087,49.7,63,43,21.8,0.32,Tuesday,3
2016-03-30,33684,16.178734216047186,45.4,53.1,39,10.7,0,Wednesday,3
2016-03-31,38348,18.08265793957095,57.2,70,39,11.1,0,Thursday,3
2016-04-01,34449,17.703992859008977,62.6,79,48.9,9.1,0,Friday,4
2016-04-02,21839,18.661319199597049,56.3,79,48.9,6.9,0.01,Saturday,4
2016-04-03,15322,18.475351346647521,42.3,61,35.1,19.7,0.24,Sunday,4
2016-04-04,12302,11.236617352192058,39.7,50,35.1,9.4,0.11,Monday,4
2016-04-05,26238,15.076870061234343,33.3,45,27,13.3,0.5,Tuesday,4
2016-04-06,29365,15.281174300471083,39,48,27,9.9,0,Wednesday,4
2016-04-07,30402,13.857027498190906,52,60.1,32,12.8,0,Thursday,4
2016-04-08,30817,16.405474792052008,48.9,60.1,44.1,13.7,0.15,Friday,4
2016-04-09,12702,20.656682674644415,41.1,46.9,37.4,8.1,0,Saturday,4
2016-04-10,23229,20.43258713963867,40.5,50,33.1,11.5,0.07,Sunday,4
2016-04-11,32048,14.77218131136628,50.2,61,33.1,11.7,0,Monday,4
2016-04-12,23765,13.984453327722841,53.2,61,44.1,10.9,0.04,Tuesday,4
2016-04-13,37539,15.087523642078905,48.4,57.9,42.1,8.8,0.19,Wednesday,4
2016-04-14,38505,16.65142059472797,49.9,61,42.1,6.5,0,Thursday,4
2016-04-15,39676,15.267669371912492,50.8,63,43,5.2,0,Friday,4
2016-04-16,36148,21.125675002766407,52.6,64.9,44.1,6.7,0,Saturday,4
2016-04-17,38843,24.615982287670878,55.8,73.9,45,4.5,0,Sunday,4
2016-04-18,43994,17.210900350047737,62.5,80.1,48,4.4,0,Monday,4
2016-04-19,46075,15.246389943931996,65.5,80.1,48.9,8.6,0,Tuesday,4
2016-04-20,44547,17.056459095636814,58.8,69.1,51.1,10.7,0,Wednesday,4
2016-04-21,45570,15.98853631775291,58.8,70,50,8.2,0,Thursday,4
2016-04-22,48815,19.96650756256615,70,78.1,50,7.1,0,Friday,4
2016-04-23,33647,23.983271911314532,66.5,78.1,61,8.7,0.14,Saturday,4
2016-04-24,37866,23.703855701684894,56.5,69.1,48,9.7,0,Sunday,4
2016-04-25,42308,17.729564542560905,56.6,68,48,6.5,0,Monday,4
2016-04-26,34643,16.306175850821234,54.4,68,50,9.4,0.19,Tuesday,4
2016-04-27,41931,17.220674043865717,51.1,57.9,46.4,7.9,0.11,Wednesday,4
2016-04-28,37428,15.516839442841368,53.3,60.1,46.9,8.3,0,Thursday,4
2016-04-29,34878,18.542412600110861,52,59,48,7.8,0,Friday,4
2016-04-30,38258,25.188611096589828,52.8,63,46.9,6.2,0.02,Saturday,4
2016-05-01,10697,14.554683556137237,50.1,63,46.9,7.3,0,Sunday,5
2016-05-02,38537,17.375605694959813,50.6,61,44.6,6.1,0.15,Monday,5
2016-05-03,22858,16.129716073147254,54.5,62.1,45,7.3,0.73,Tuesday,5
2016-05-04,31619,13.670899880873311,51.3,55,48.9,9.0,0.07,Wednesday,5
2016-05-05,39903,15.95220701868698,51.8,57.9,46.9,11.6,0.02,Thursday,5
2016-05-06,18860,14.942227819017322,52.2,57.9,46.9,13.0,0.38,Friday,5
2016-05-07,31078,20.771490550657489,52.3,57.2,48.2,8.7,0.18,Saturday,5
2016-05-08,31197,21.021818337233277,55.4,64.9,48.9,9.8,0.07,Sunday,5
2016-05-09,45724,17.347089420581458,62.9,73.9,48.9,9.9,0.08,Monday,5
2016-05-10,44849,15.381039339412993,59.1,73.9,51.1,7.6,0,Tuesday,5
2016-05-11,51181,16.62300365369962,63,73.9,51.1,5.4,0,Wednesday,5
2016-05-12,52273,16.941524623929489,66.2,78.1,53.1,5.7,0,Thursday,5
2016-05-13,32391,16.224954462659383,61.6,78.1,55.9,5.7,0,Friday,5
2016-05-14,42063,23.048131770598072,66.2,73,57.9,6.8,0.25,Saturday,5
2016-05-15,28661,20.685222660293316,56,73,48,15.4,0,Sunday,5
2016-05-16,42787,17.327288272917777,52.8,68,44.1,16.9,0,Monday,5
2016-05-17,43396,15.650359480136414,62.3,68,44.1,9.2,0,Tuesday,5
2016-05-18,44803,16.130900088535736,59.3,69.1,55,7.2,0,Wednesday,5
2016-05-19,49182,16.149817006221792,60.9,71.1,55,5.3,0,Thursday,5
2016-05-20,52543,18.398681397458581,64.4,78.1,55.9,5.7,0,Friday,5
2016-05-21,30519,19.70429896130279,62.4,78.1,57,6.3,0,Saturday,5
2016-05-22,37802,19.75768036964535,60.7,71.1,54,6.5,0.18,Sunday,5
2016-05-23,48578,15.86535914748789,65,77,54,6.0,0.11,Monday,5
2016-05-24,34796,14.567491474115803,65.6,77,55.9,5.3,0.26,Tuesday,5
2016-05-25,53439,16.455156034606432,74.4,90,60.1,3.9,0.02,Wednesday,5
2016-05-26,52133,15.946899916239872,82.2,91.9,60.1,7.2,0,Thursday,5
2016-05-27,46937,17.443640056529681,76.6,91.9,55,7.2,0,Friday,5
2016-05-28,34222,21.961184325872239,79.9,91.9,66.9,8.4,0,Saturday,5
2016-05-29,36877,24.451472462510509,80,91.9,73,9.1,0,Sunday,5
2016-05-30,32619,19.592957580959972,73.5,87.1,69.1,6.6,1.53,Monday,5
2016-05-31,49756,15.286392595867834,76.7,86,69.1,7.5,0,Tuesday,5
2016-06-01,54665,18.269959145095882,76,84,68,6.7,0,Wednesday,6
2016-06-02,54401,16.113568990766094,68.9,82.9,62.1,9.2,0,Thursday,6
2016-06-03,38975,15.665131922172332,66.3,73.9,62.1,6.3,0,Friday,6
2016-06-04,40977,21.640899773043405,72.8,82.9,63,5.5,0.02,Saturday,6
2016-06-05,22397,17.383874328407078,69.3,82.9,66,7.5,0.27,Sunday,6
2016-06-06,52149,16.091471872263458,75.1,87.1,66.9,9.1,0.67,Monday,6
2016-06-07,51812,15.050389549396535,79.3,87.1,68,9.1,0,Tuesday,6
2016-06-08,42250,13.552358185404342,64.9,87.1,55,13.0,0.01,Wednesday,6
2016-06-09,52905,15.755235800018896,63.6,73.9,55,17.1,0.44,Thursday,6
2016-06-10,53299,16.033148214162864,67.9,78.1,55.9,12.0,0,Friday,6
2016-06-11,41030,18.50436956698351,74.6,90,59,7.0,0,Saturday,6
2016-06-12,40637,19.7286159575428,80.2,90,64,14.0,0.1,Sunday,6
2016-06-13,49069,15.06731405435883,66,86,59,16.9,0,Monday,6
2016-06-14,54813,15.484833889770673,69,81,59,11.2,0,Tuesday,6
2016-06-15,55049,15.635799620943764,75.3,87.1,60.1,6.2,0,Wednesday,6
2016-06-16,46198,14.328816904050683,73.3,87.1,66,4.4,0.12,Thursday,6
2016-06-17,54236,16.92154841802493,71.2,77,66,6.4,0,Friday,6
2016-06-18,48901,20.863376345405342,73,86,63,5.3,0,Saturday,6
2016-06-19,45270,21.224787570871065,75.1,86,63,7.5,0,Sunday,6
2016-06-20,52247,15.858149431227313,73.4,84,66,6.9,0,Monday,6
2016-06-21,53564,14.265951323027902,80.8,89.1,66,10.0,0,Tuesday,6
2016-06-22,55749,15.746382894760449,77.9,89.1,66.9,8.8,0,Wednesday,6
2016-06-23,53206,14.599842749564587,74.3,86,66.9,6.8,0,Thursday,6
2016-06-24,54186,15.930940648876094,74.7,84.9,68,8.7,0,Friday,6
2016-06-25,43000,20.47097286821705,73.3,84.9,64.9,8.0,0,Saturday,6
2016-06-26,42992,19.894191555017979,75.8,86,64.9,7.5,0,Sunday,6
2016-06-27,47023,14.955021656069016,75.7,86,69.1,9.9,0,Monday,6
2016-06-28,49593,14.705213101311339,72.6,84,69.1,9.3,0.54,Tuesday,6
2016-06-29,54882,14.842684304507852,75.7,87.1,70,5.5,0.07,Wednesday,6
2016-06-30,54843,14.294404026037959,77.6,87.1,70,6.9,0,Thursday,6
2016-07-01,39669,17.03590839194333,76.9,87.1,70,8.4,0,Friday,7
2016-07-02,35837,20.688649533536111,72.9,81,68,11.5,0.28,Saturday,7
2016-07-03,35348,23.127338180377961,75.4,82,68,7.3,0,Sunday,7
2016-07-04,34860,20.668269745649262,76.7,86,69.1,7.8,0,Monday,7
2016-07-05,43744,14.842111299073396,76,89.1,69.1,6.3,1.08,Tuesday,7
2016-07-06,51353,14.844884102843718,85.8,96.1,69.1,5.3,0.57,Wednesday,7
2016-07-07,48742,14.107261704484838,85.1,96.1,77,7.3,0,Thursday,7
2016-07-08,44419,16.502004772732391,78.8,93,73.9,6.5,0.02,Friday,7
2016-07-09,38142,17.583796951741739,70.3,86,66,9.0,0.01,Saturday,7
2016-07-10,41991,20.965287799766624,73,81,66.9,7.0,0.41,Sunday,7
2016-07-11,52870,15.011559170291909,74.5,82,68.5,8.7,0,Monday,7
2016-07-12,56537,16.041030062908657,76.6,84,69.1,8.1,0,Tuesday,7
2016-07-13,55486,16.676759302646918,78.1,86,71.1,8.8,0,Wednesday,7
2016-07-14,50350,15.634059582919564,80.4,91,73,7.8,0,Thursday,7
2016-07-15,48572,15.101955173076398,86.6,91.9,75,6.4,0.5,Friday,7
2016-07-16,38406,18.1265869916159,84.1,91.9,77,8.0,0,Saturday,7
2016-07-17,41347,20.469013068259684,83.1,93,77,5.1,0,Sunday,7
2016-07-18,43687,15.443204690945436,86.3,97,77,8.5,0,Monday,7
2016-07-19,54593,15.406976474395373,80.2,97,75.9,10.9,0.12,Tuesday,7
2016-07-20,57225,15.270819571865443,77.9,88,71.1,7.2,0,Wednesday,7
2016-07-21,54842,15.428570560276189,80.9,91,71.1,8.3,0,Thursday,7
2016-07-22,49191,15.723654394774108,85.1,98.1,75,11.3,0,Friday,7
2016-07-23,37523,18.093327647931485,89.5,99,75.9,11.0,0,Saturday,7
2016-07-24,39637,21.143647349698504,85.2,99,75.9,7.0,0,Sunday,7
2016-07-25,35379,14.396699077607245,84.3,93.9,75.9,8.2,0.02,Monday,7
2016-07-26,52912,15.439079666868261,81.7,93.9,75,8.3,0.77,Tuesday,7
2016-07-27,54163,15.903475004461841,84.5,93.9,75,6.6,0,Wednesday,7
2016-07-28,50151,14.93021142815364,84.7,93.9,77,6.1,0,Thursday,7
2016-07-29,37703,15.571842205306385,78.1,93.9,71.1,8.3,0.89,Friday,7
2016-07-30,27780,17.541447684185265,78.4,84.9,71.1,7.2,0.13,Saturday,7
2016-07-31,27651,16.085205477800692,77.7,84,75,8.1,0.18,Sunday,7
2016-08-01,49401,15.414388710080095,74.2,82.9,71.1,10.4,0.57,Monday,8
2016-08-02,56764,14.986372231226364,74.2,80.1,71.1,10.5,0,Tuesday,8
2016-08-03,57003,15.262554017624804,74.2,81,68,7.5,0,Wednesday,8
2016-08-04,56604,16.344651143617646,75.6,84,68,5.9,0,Thursday,8
2016-08-05,53297,16.137032103120251,77.4,86,70,8.1,0,Friday,8
2016-08-06,44213,19.81680275032231,80.8,91,72,8.8,0,Saturday,8
2016-08-07,43631,19.05328894593293,81.5,91,73.9,9.2,0,Sunday,8
2016-08-08,52262,15.647659229778174,80.8,89.1,73.9,7.1,0,Monday,8
2016-08-09,56112,14.844586125368313,80.8,89.1,75,6.5,0,Tuesday,8
2016-08-10,50114,14.844030942783784,81.5,89.1,75,9.3,0.01,Wednesday,8
2016-08-11,47430,14.217371565113503,86.8,97,75.9,7.2,0.05,Thursday,8
2016-08-12,44750,16.519986964618248,86.5,98.1,75.9,7.9,0.56,Friday,8
2016-08-13,38912,18.48750856633772,89.2,98.1,75.9,7.0,0.07,Saturday,8
2016-08-14,32961,17.3953884894269,90.7,97,82,8.6,0,Sunday,8
2016-08-15,49063,14.4203972443593,84.6,98.1,78.1,5.6,0.01,Monday,8
2016-08-16,50426,14.790182643874193,84.9,93,78.1,9.0,0,Tuesday,8
2016-08-17,53989,15.480586786197183,82.8,91,78.1,11.7,0.13,Wednesday,8
2016-08-18,53218,15.552684242173703,80.3,88,75,5.4,0.02,Thursday,8
2016-08-19,51669,16.083249143587064,81.6,89.1,75,6.6,0,Friday,8
2016-08-20,45817,21.147449636597766,79,89.1,75,6.3,0.02,Saturday,8
2016-08-21,35051,20.343998269188713,80.7,89.1,75,9.7,0.12,Sunday,8
2016-08-22,54404,15.145024569271866,76,89.1,71.1,15.1,0.13,Monday,8
2016-08-23,58674,16.090486416470668,74.3,84,66.9,6.4,0,Tuesday,8
2016-08-24,58154,15.984386571287736,78.6,89.1,66.9,6.4,0,Wednesday,8
2016-08-25,53487,16.07905721639526,78.6,89.1,71.1,10.6,0,Thursday,8
2016-08-26,52037,16.2612874813434,83.6,91,73,8.7,0.01,Friday,8
2016-08-27,45674,19.996362262994268,82.4,91,75.9,8.2,0,Saturday,8
2016-08-28,44639,19.585727353510013,80.7,89.1,73.9,6.3,0,Sunday,8
2016-08-29,53288,15.807719686733723,82.1,91,73.9,8.6,0,Monday,8
2016-08-30,57405,15.320482246029671,79,91,72,9.0,0,Tuesday,8
2016-08-31,57214,14.513126157933376,80.5,90,72,7.5,0,Wednesday,8
2016-09-01,38187,13.335008423459989,76.9,90,73,5.6,0.03,Thursday,9
2016-09-02,53007,16.309208217782558,75,82.9,68,9.2,0.31,Friday,9
2016-09-03,41630,19.121974137240773,73.5,82.9,68,10.8,0,Saturday,9
2016-09-04,46023,21.00148874837943,72.1,81,66,9.5,0,Sunday,9
2016-09-05,45436,19.362901663878858,73.8,84,66,10.8,0,Monday,9
2016-09-06,52447,14.600942221035837,77.8,84,66.9,15.2,0,Tuesday,9
2016-09-07,60500,15.659115977961427,77.2,86,71.6,11.2,0.01,Wednesday,9
2016-09-08,61596,14.537538963569061,79,88,72,6.0,0,Thursday,9
2016-09-09,56813,14.743081982410136,86.5,93,73,7.5,0,Friday,9
2016-09-10,48455,17.357957555119871,82.2,93,75.9,7.1,0.05,Saturday,9
2016-09-11,52245,19.226808626024827,80.6,91,75.9,11.5,0,Sunday,9
2016-09-12,61103,16.013179112864069,71.3,84,64,8.2,0,Monday,9
2016-09-13,64839,15.124181691060418,73.2,82,64,7.7,0,Tuesday,9
2016-09-14,59203,14.403582307202898,78,91.9,68,8.5,0,Wednesday,9
2016-09-15,67331,15.071359403543683,70.4,91.9,63,10.3,0.37,Thursday,9
2016-09-16,65275,15.404889825098937,68.5,75,63,6.4,0,Friday,9
2016-09-17,59200,19.254599662162164,69.2,78.1,64,6.3,0,Saturday,9
2016-09-18,51686,17.32267312876472,76.3,84.9,64,8.8,0,Sunday,9
2016-09-19,34217,13.569371949615688,75.2,84.9,72,5.9,0.31,Monday,9
2016-09-20,64891,14.961962881344617,75.4,84,71.1,5.1,0.47,Tuesday,9
2016-09-21,65463,14.889102240960536,77.6,84.9,71.1,4.0,0,Wednesday,9
2016-09-22,67810,14.726635697783019,76.8,86,70,5.8,0,Thursday,9
2016-09-23,65517,15.437967245142485,77.2,89.1,69.1,4.3,0,Friday,9
2016-09-24,53259,17.905720785845268,68.5,89.1,59,9.5,0.44,Saturday,9
2016-09-25,53568,18.010823626045411,64.2,72,57.9,6.8,0.2,Sunday,9
2016-09-26,61386,14.318692644359729,65.6,73,57,7.2,0,Monday,9
2016-09-27,61346,14.143505960725506,70.5,75.9,57,8.4,0.15,Tuesday,9
2016-09-28,59464,13.587116574734292,67.6,75.9,62.1,10.8,0,Wednesday,9
2016-09-29,55578,12.945873966917368,63.2,71.1,60.1,18.2,0,Thursday,9
2016-09-30,21381,11.513554869588262,62.1,66.9,60.1,21.8,0,Friday,9
2017-04-01,23849,18.603828252756927,42.2,48,39,17.2,1.78,Saturday,4
2017-04-02,39780,23.513796715267297,50.6,63,39,9.7,0.01,Sunday,4
2017-04-03,43485,18.119450768464215,56.4,63,43,7.0,0,Monday,4
2017-04-04,29991,16.879809498405084,50.1,63,45,11.3,1.6,Tuesday,4
2017-04-05,47636,19.631894295630765,51.7,63,45,5.4,0.03,Wednesday,4
2017-04-06,18020,16.070371809100997,46,53.1,42.8,12.1,0.02,Thursday,4
2017-04-07,35779,12.251440789289807,50.1,54,43,13.2,0.83,Friday,4
2017-04-08,35936,19.264894998515881,47.4,57.9,42.1,16.0,0,Saturday,4
2017-04-09,43896,23.299745231152414,54.4,68,42.1,8.8,0,Sunday,4
2017-04-10,50424,21.018310063990686,61.3,73,46,7.6,0,Monday,4
2017-04-11,57310,23.40955795963475,67.4,78.1,52,7.9,0,Tuesday,4
2017-04-12,51188,14.593362376598684,63.9,78.1,54,4.3,0,Wednesday,4
2017-04-13,52915,15.516411540520966,58.5,77,50,9.8,0.03,Thursday,4
2017-04-14,52232,19.175458212079445,57.2,66,50,7.1,0,Friday,4
2017-04-15,42531,19.468383061766723,57.2,66,50,8.4,0,Saturday,4
2017-04-16,48140,30.834774269491763,70.8,88,52,9.5,0,Sunday,4
2017-04-17,53247,15.313219524104642,70.9,88,60.1,12.2,0,Monday,4
2017-04-18,53809,14.697618737881518,59.2,73,51.1,10.2,0,Tuesday,4
2017-04-19,45787,12.65950961335459,50,64.9,46,11.0,0,Wednesday,4
2017-04-20,44264,19.711147885414789,54.4,66,46,6.7,0.19,Thursday,4
2017-04-21,39868,13.169335891776194,52.3,66,48.9,11.2,0.3,Friday,4
2017-04-22,34596,16.986248410220838,51.8,55.9,48,6.9,0.02,Saturday,4
2017-04-23,49107,20.696603674968259,54.7,64.9,48,7.0,0.07,Sunday,4
2017-04-24,48692,14.031161860949096,53.5,64.9,48,6.0,0,Monday,4
2017-04-25,20332,11.593425798413012,52.8,59,48,16.3,0.07,Tuesday,4
2017-04-26,37727,12.711058834963467,55.2,62.1,50,11.9,0.73,Wednesday,4
2017-04-27,52035,14.989963486115114,62,69.1,53.1,5.1,0.13,Thursday,4
2017-04-28,62199,16.742810173797011,66.6,84.9,55,5.9,0.01,Friday,4
2017-04-29,57701,22.421804936945058,76.9,88,55,8.8,0.06,Saturday,4
2017-04-30,42928,17.93472442228849,64.7,88,55.9,10.1,0,Sunday,4
2017-05-01,56218,15.693653574774395,55.9,73,50,9.3,0,Monday,5
2017-05-02,61207,17.978807979479463,70.5,78.1,50,12.9,0,Tuesday,5
2017-05-03,59252,17.574413240621983,64.3,78.1,61,14.1,0,Wednesday,5
2017-05-04,57429,16.83536424686714,57.7,66.9,51.1,8.9,0,Thursday,5
2017-05-05,24009,12.928580254626738,56,66,51.1,11.4,0.01,Friday,5
2017-05-06,46618,17.841924792998416,62.4,66.9,53.1,13.8,2.31,Saturday,5
2017-05-07,34293,15.373477094450767,56.1,66.9,53.1,12.2,0.01,Sunday,5
2017-05-08,51553,14.057762561506282,53.4,62.1,48,12.5,0,Monday,5
2017-05-09,56461,13.922706528990513,55.6,64,48,9.2,0,Tuesday,5
2017-05-10,58454,15.490982938150792,56.8,64.9,48.9,6.2,0,Wednesday,5
2017-05-11,57208,13.885394525241226,57.1,64.9,52,6.4,0,Thursday,5
2017-05-12,56675,14.965937068078221,56.5,64,52,6.9,0,Friday,5
2017-05-13,5704,19.468972066386161,53.2,55.9,48,11.1,0.13,Saturday,5
2017-05-14,38729,17.567197707144519,55.4,70,46.9,13.4,1.61,Sunday,5
2017-05-15,54715,14.220029547046821,61.7,70,46.9,17.8,0.01,Monday,5
2017-05-16,64504,15.439990026458306,68.8,82.9,54,10.3,0,Tuesday,5
2017-05-17,65794,17.138806476781067,79.2,93.9,59,6.8,0,Wednesday,5
2017-05-18,63753,15.253955892271737,88.1,97,66,10.1,0,Thursday,5
2017-05-19,62143,15.827023156268611,87.9,97,80.1,11.0,0,Friday,5
2017-05-20,47859,18.145077205959176,67.3,96.1,61,10.9,0.01,Saturday,5
2017-05-21,54874,21.245994763761828,62.4,71.1,57,7.9,0,Sunday,5
2017-05-22,24627,12.423489124402755,59.8,71.1,57,7.5,0.11,Monday,5
2017-05-23,60032,15.90623278695807,63.4,70,57,4.9,0.53,Tuesday,5
2017-05-24,60622,16.644185279271554,62.8,70,57,7.4,0.03,Wednesday,5
2017-05-25,17495,11.630573497189674,58.4,69.1,55.9,11.7,0.1,Thursday,5
2017-05-26,53768,17.63370654168526,63.5,75.9,55.9,11.1,0.89,Friday,5
2017-05-27,46534,20.084620922336356,67.4,75.9,57,8.0,0.12,Saturday,5
2017-05-28,46727,24.947691199235273,64.5,72,57.9,6.8,0,Sunday,5
2017-05-29,26322,15.230585315198944,59.1,71.1,55.9,9.5,0.13,Monday,5
2017-05-30,50194,14.597552164269302,58.3,64,55,7.6,0.03,Tuesday,5
2017-05-31,59495,15.222119785976412,63.1,78.1,55,6.6,0.08,Wednesday,5
2017-06-01,67403,15.789940111468828,69.4,82,57.9,6.9,0.05,Thursday,6
2017-06-02,66907,16.272086378605131,70.6,82,60.1,8.8,0,Friday,6
2017-06-03,56264,19.403297549646904,66.1,79,59,9.2,0,Saturday,6
2017-06-04,40138,17.706767070274218,66,73.9,59,6.3,0,Sunday,6
2017-06-05,55883,15.63976999564567,61.8,71.1,59,7.9,0.06,Monday,6
2017-06-06,41268,12.379238554489358,58,66.9,55,11.5,0.02,Tuesday,6
2017-06-07,64453,15.883515119544475,58.6,70,52,8.0,0.03,Wednesday,6
2017-06-08,62653,15.59040562037465,63.9,71.1,52,5.4,0,Thursday,6
2017-06-09,66506,19.486973105183495,66.7,82.9,55.9,7.2,0,Friday,6
2017-06-10,57087,21.407791032400841,78.1,88,55.9,7.6,0,Saturday,6
2017-06-11,51427,20.406840116410965,83.7,93.9,66.9,9.0,0,Sunday,6
2017-06-12,57871,15.694316669834629,86.7,96.1,75,8.5,0,Monday,6
2017-06-13,60921,15.213903798908969,89.7,100.9,75.9,8.5,0,Tuesday,6
2017-06-14,60513,17.423499633687534,78.8,93.9,71.6,7.8,0.48,Wednesday,6
2017-06-15,64763,18.414139503523103,70.7,82.9,64,8.1,0.02,Thursday,6
2017-06-16,56403,16.594723684910374,65.6,75.9,63,9.1,0,Friday,6
2017-06-17,34900,18.477302769818539,67,73.9,63,7.0,0,Saturday,6
2017-06-18,49472,22.722582807783525,75.3,84,64,8.8,1.26,Sunday,6
2017-06-19,38310,16.131654920386318,78.5,87.1,70,11.1,0,Monday,6
2017-06-20,64673,17.394913127064875,76.9,87.1,70,11.0,1.23,Tuesday,6
2017-06-21,67218,17.448709423071204,80.3,87.1,70,8.7,0.01,Wednesday,6
2017-06-22,66308,17.513423719611502,77.1,87.1,68,7.6,0,Thursday,6
2017-06-23,55323,16.401218601064059,81.2,87.1,68,9.3,0,Friday,6
2017-06-24,52153,20.705803756894788,79.5,87.1,70,10.0,0.96,Saturday,6
2017-06-25,54655,23.20370200957521,78.2,86,70,7.1,0.18,Sunday,6
2017-06-26,62669,20.131003366895918,74,84,66.9,9.0,0,Monday,6
2017-06-27,64767,16.471872764422212,71.2,81,62.1,7.7,0.16,Tuesday,6
2017-06-28,67752,19.712283032235216,71.5,81,62.1,10.1,0,Wednesday,6
2017-06-29,64272,17.414588000995757,76.2,82.9,64,10.9,0,Thursday,6
2017-06-30,58662,19.612318025297469,80.2,89.1,69.1,11.7,0,Friday,6
2017-07-01,36737,23.083911315567409,79,89.1,73.9,9.4,0,Saturday,7
2017-07-02,43036,26.901029370759364,79.8,91,73,7.4,0.07,Sunday,7
2017-07-03,48193,21.414255873951269,83.3,91,73,7.2,0,Monday,7
2017-07-04,49924,25.360597441444327,77.8,90,70,4.2,0.12,Tuesday,7
2017-07-05,60321,18.006270895155357,76.7,87.1,70,7.6,0,Wednesday,7
2017-07-06,62147,17.693810642508886,74.5,84.9,69.1,7.1,0,Thursday,7
2017-07-07,44068,15.80318409427854,72.4,82,68,8.4,0.01,Friday,7
2017-07-08,55015,20.278051137568539,78.5,87.1,68,7.5,2.13,Saturday,7
2017-07-09,57118,20.397538137423116,76.3,87.1,70,8.5,0,Sunday,7
2017-07-10,60907,16.566612759343489,78.7,88,70,8.0,0,Monday,7
2017-07-11,61671,15.852646841032792,80.5,89.1,72,8.5,0,Tuesday,7
2017-07-12,61786,15.488337703255326,84.2,91,75,9.1,0,Wednesday,7
2017-07-13,56475,17.332392208942011,86,93.9,78.1,9.1,0,Thursday,7
2017-07-14,31851,16.51807530899082,69.8,93.9,64.9,8.4,0.01,Friday,7
2017-07-15,56499,18.995504640200124,73.7,86,64.9,6.9,0.47,Saturday,7
2017-07-16,56833,21.489525158505327,78,86,66.9,6.6,0.01,Sunday,7
2017-07-17,62555,16.636904857059125,80.1,87.1,71.1,7.2,0,Monday,7
2017-07-18,66234,16.656136073114514,80.5,88,75,7.9,0,Tuesday,7
2017-07-19,63915,16.217755091397429,84.8,93.9,75.9,7.6,0,Wednesday,7
2017-07-20,59663,15.186770136712308,87.2,98.1,77,5.0,0,Thursday,7
2017-07-21,60072,15.763409741643359,84.4,98.1,77,8.7,0,Friday,7
2017-07-22,48011,18.969343830927631,85.3,93.9,77,7.5,0,Saturday,7
2017-07-23,46942,17.480288796102986,76.4,91,72,5.4,0.6,Sunday,7
2017-07-24,43792,15.022174521982706,70.2,80.1,64,11.1,0.46,Monday,7
2017-07-25,65336,14.882792283988406,65.8,73,62.1,9.1,0.45,Tuesday,7
2017-07-26,70323,16.075239964165352,70.5,78.1,62.1,7.5,0,Wednesday,7
2017-07-27,65769,14.640754762882207,72.2,78.1,64.9,7.9,0,Thursday,7
2017-07-28,63899,15.266647887030057,76.9,84,66.9,5.8,0,Friday,7
2017-07-29,52947,17.363740155249584,73.3,84,68,13.2,0,Saturday,7
2017-07-30,59342,19.029697347578441,72.9,82,66,7.0,0,Sunday,7
2017-07-31,64218,14.699782252120382,77.7,89.1,66,5.3,0,Monday,7
2017-08-01,66677,17.666347716104003,81.3,91,70,5.1,0,Tuesday,8
2017-08-02,56184,20.026276164032467,79.6,91,69.1,6.1,0,Wednesday,8
2017-08-03,66149,19.157882205324345,76.2,88,69.1,6.2,0.08,Thursday,8
2017-08-04,56394,18.536455414878656,78.1,87.1,70,10.0,0.1,Friday,8
2017-08-05,58971,24.419910068790873,76.3,84.9,70,10.0,0.82,Saturday,8
2017-08-06,56476,22.546589996930852,72,80.1,66,10.9,0.16,Sunday,8
2017-08-07,23395,12.287061337892709,70.2,78.1,66,5.8,0,Monday,8
2017-08-08,65233,18.123004971921173,70.3,80.1,64.9,7.1,0.43,Tuesday,8
2017-08-09,67884,21.832384165144447,76.5,84.9,64.9,5.2,0,Wednesday,8
2017-08-10,66249,16.363312905352032,77.5,86,68,6.0,0,Thursday,8
2017-08-11,63140,19.479002481258576,75.9,86,71.1,7.7,0,Friday,8
2017-08-12,60540,23.132614524832071,71.8,82,64.9,5.9,0.17,Saturday,8
2017-08-13,57518,21.75249139399839,76.8,84.9,64.9,8.0,0.16,Sunday,8
2017-08-14,61482,23.302006549342362,76.6,84.9,71.1,5.8,0,Monday,8
2017-08-15,52461,15.563273034571711,73.2,77,69.1,5.3,0.32,Tuesday,8
2017-08-16,68436,17.916156457614896,76.8,86,69.1,4.8,0.12,Wednesday,8
2017-08-17,66656,17.591802438390143,76.4,86,70,7.0,0,Thursday,8
2017-08-18,36620,17.119950391407244,77.3,82.9,70,7.7,0.01,Friday,8
2017-08-19,62442,24.200790600343794,80.1,89.1,73,7.5,0.9,Saturday,8
2017-08-20,55442,20.311299496170168,78.7,89.1,71.1,10.4,0,Sunday,8
2017-08-21,61059,18.411591520769527,80.8,88,71.1,6.7,0,Monday,8
2017-08-22,60541,19.689789839392596,81.5,91,75,8.6,0,Tuesday,8
2017-08-23,65070,20.257814148865325,78.2,84,73.4,11.1,0.25,Wednesday,8
2017-08-24,66307,19.998282232645135,75.2,82,69.1,6.8,0.02,Thursday,8
2017-08-25,64217,16.986893657442735,72.3,81,66,6.0,0,Friday,8
2017-08-26,50109,19.13669001576563,71,78.1,64,5.7,0,Saturday,8
2017-08-27,54598,22.60333742383725,70.2,77,64,7.1,0,Sunday,8
2017-08-28,60886,16.823883706161233,69.8,77,64,9.3,0,Monday,8
2017-08-29,35152,14.879735150204821,66.5,75,64,11.6,0,Tuesday,8
2017-08-30,65329,16.343364100680144,67.5,80.1,61,10.6,0.32,Wednesday,8
2017-08-31,64881,15.472770148425576,74,82,61,9.8,0.01,Thursday,8
2017-09-01,54881,16.895487205651012,65.4,82,55.9,10.7,0,Friday,9
2017-09-02,37812,21.403479935822851,63.2,72,55.9,7.9,0,Saturday,9
2017-09-03,30955,20.100291283045276,62.6,72,55.9,9.8,0.79,Sunday,9
2017-09-04,55285,22.741680383467489,71.3,82,59,11.2,0.4,Monday,9
2017-09-05,65445,17.344608959176913,76.4,84.9,64,8.8,0,Tuesday,9
2017-09-06,42295,13.882774953698233,69.9,84.9,62.1,7.0,0,Wednesday,9
2017-09-07,69519,16.865664782289741,65.4,73,60.8,8.3,0.44,Thursday,9
2017-09-08,69574,15.893449181207536,67.5,75,61,10.6,0,Friday,9
2017-09-09,60155,18.967705926356906,63.7,73,57.9,9.1,0,Saturday,9
2017-09-10,60711,18.793300225659276,65,73,59,9.7,0,Sunday,9
2017-09-11,71917,16.345572674054814,67.7,78.1,59,5.1,0,Monday,9
2017-09-12,74580,15.460779476177709,71.9,82,59,2.9,0,Tuesday,9
2017-09-13,69566,16.056317022683498,74,84,63,4.9,0,Wednesday,9
2017-09-14,72071,14.615057373978434,75.1,84,66.9,7.0,0.02,Thursday,9
2017-09-15,72297,17.247020392731823,76.6,82.9,70,6.3,0,Friday,9
2017-09-16,61036,18.3546879437272,74.2,82,69.1,5.8,0,Saturday,9
2017-09-17,59967,18.680991767694461,72.8,81,69.1,5.1,0,Sunday,9
2017-09-18,64130,14.65827147980664,70.6,81,68,8.7,0,Monday,9
2017-09-19,57910,13.970031658320385,72.3,78.1,68,13.7,0,Tuesday,9
2017-09-20,71150,15.325442492386976,73.9,78.1,69.1,13.3,0.19,Wednesday,9
2017-09-21,67742,15.094857449342115,75.8,79,71.1,10.2,0,Thursday,9
2017-09-22,70127,17.240455411848028,73.8,81,68,11.5,0,Friday,9
2017-09-23,62687,21.87894433189232,76.5,86,68,10.0,0,Saturday,9
2017-09-24,57458,18.536830380451818,79.5,91,70,3.5,0,Sunday,9
2017-09-25,69200,14.692419315992293,77.5,91,71.1,5.5,0,Monday,9
2017-09-26,71518,14.116304053991071,73.7,86,68,5.6,0,Tuesday,9
2017-09-27,69897,14.354635868969106,75,84,68,7.2,0,Wednesday,9
2017-09-28,70883,14.306545528076786,74.1,84,68,11.8,0,Thursday,9
2017-09-29,67177,14.832269477152401,63.3,77,57,9.0,0,Friday,9
2017-09-30,50153,15.510478602144106,62.1,70,55.9,9.4,0,Saturday,9
2017-10-01,55505,20.975704591177973,58.8,70,52,6.8,0,Sunday,10
2017-10-02,65511,16.055658082866483,64.5,73.9,52,4.8,0,Monday,10
2017-10-03,69105,15.444736270892118,64,73.9,55.9,5.2,0,Tuesday,10
2017-10-04,71454,17.479944906280029,64.8,75,57.9,6.8,0,Wednesday,10
2017-10-05,70174,15.332242473470707,73,84,57.9,9.5,0,Thursday,10
2017-10-06,70257,26.954173486864885,74.7,84,66,7.0,0,Friday,10
2017-10-07,63635,26.91243524265996,72.4,82,66,6.4,0,Saturday,10
2017-10-08,41044,27.229053373615304,74,82,66,9.3,0,Sunday,10
2017-10-09,38391,15.025982218054583,73.9,80.1,71.1,9.0,0.39,Monday,10
2017-10-10,74118,15.892096161975953,75.1,81,69.1,8.4,0.21,Tuesday,10
2017-10-11,63589,15.352759911305411,70.8,81,68,7.0,0,Wednesday,10
2017-10-12,61248,21.156885667014972,62.7,78.1,59,14.4,0.07,Thursday,10
2017-10-13,67020,17.568579279816966,59.1,68,53.1,11.2,0.03,Friday,10
2017-10-14,58777,22.4020138262699,65.7,73,53.1,6.6,0.03,Saturday,10
2017-10-15,56529,16.607031199325426,69.8,75,62.1,6.8,0,Sunday,10
2017-10-16,61730,13.429257519304494,62.6,75,55,14.0,0.01,Monday,10
2017-10-17,64480,14.584902036807271,51.8,71.1,45,8.7,0,Tuesday,10
2017-10-18,70234,16.483878415961879,60,73.9,45,6.2,0,Wednesday,10
2017-10-19,72311,15.955407890915627,64.7,73.9,52,7.9,0,Thursday,10
2017-10-20,72173,17.638841856834734,66.9,73.9,57.9,9.7,0,Friday,10
2017-10-21,65874,18.130275981419075,67.7,79,59,4.6,0,Saturday,10
2017-10-22,62150,20.691869670152848,66.7,75.9,57.9,4.5,0,Sunday,10
2017-10-23,69274,16.22145971071399,66.9,75.9,57.9,7.1,0,Monday,10
2017-10-24,48077,13.248867788478202,70.8,75.9,61,17.4,0.04,Tuesday,10
2017-10-25,71287,16.319445106868482,64.8,75.9,61,5.5,0.09,Wednesday,10
2017-10-26,64003,14.974387398507362,58,68,53.1,10.5,0,Thursday,10
2017-10-27,69268,18.718623799349391,55.7,63,51.1,8.9,0,Friday,10
2017-10-28,61348,21.182423496555167,60.9,68,51.1,9.0,0,Saturday,10
2017-10-29,9537,14.528385935479358,64,68,54,10.3,0.1,Sunday,10
2017-10-30,49247,13.980375454342393,57.1,68,46.9,15.9,2.79,Monday,10
2017-10-31,60242,13.936887055542645,53.8,62.1,46.9,13.2,0.05,Tuesday,10
2017-11-01,60773,14.487495269280764,51.4,57.9,46.9,7.8,0,Wednesday,11
2017-11-02,70810,15.926368921527096,63,72,46.9,6.7,0,Thursday,11
2017-11-03,71818,17.54368194603024,66.1,75,57.9,7.6,0,Friday,11
2017-11-04,53435,21.415344187642312,53.1,75,48,10.3,0,Saturday,11
2017-11-05,34943,14.415929752263212,54.8,61,48,7.8,0.02,Sunday,11
2017-11-06,57606,14.303749898737397,62.6,66,52,7.8,0.08,Monday,11
2017-11-07,36362,14.375742991767963,48,66,42.1,10.3,0,Tuesday,11
2017-11-08,54211,14.70585459285631,43.4,51.1,39.9,9.5,0.6,Wednesday,11
2017-11-09,58417,15.011814768531993,47.6,55.9,39.9,6.5,0,Thursday,11
2017-11-10,38432,13.714919858451291,44.4,55.9,30.9,15.2,0,Friday,11
2017-11-11,28142,13.73691694501694,31,37.9,26.1,11.3,0,Saturday,11
2017-11-12,32471,14.865645755699962,39.5,46.9,26.1,4.3,0,Sunday,11
2017-11-13,38753,12.488074901728037,45.4,50,34,6.2,0,Monday,11
2017-11-14,52279,13.640246561716941,43,50,39,8.3,0.05,Tuesday,11
2017-11-15,54230,12.71487276415268,43.5,51.1,37.9,7.4,0,Wednesday,11
2017-11-16,49737,13.121450161181141,52.2,59,37.9,10.2,0.7,Thursday,11
2017-11-17,48991,14.673116490784023,45.5,59,41,16.8,0.08,Friday,11
2017-11-18,27745,14.60945335495885,44,52,36,7.2,0,Saturday,11
2017-11-19,31598,15.503607823279959,53.5,60.1,36,15.7,0.33,Sunday,11
2017-11-20,45121,12.479933216610151,43.1,60.1,37,13.1,0.02,Monday,11
2017-11-21,52451,15.001825831093146,49.1,59,37,11.2,0,Tuesday,11
2017-11-22,32298,15.141786901149707,51.7,59,43,8.7,0,Wednesday,11
2017-11-23,13705,17.551150431715914,38.7,55,34,10.9,0.16,Thursday,11
2017-11-24,23724,18.908367054459617,43,51.1,34,5.7,0,Friday,11
2017-11-25,30518,25.398836205954954,48.6,57.9,37,6.9,0,Saturday,11
2017-11-26,27181,13.695223992249488,49.3,57.9,42.1,13.0,0,Sunday,11
2017-11-27,46733,13.079298711117774,45.3,53.1,42.1,12.9,0,Monday,11
2017-11-28,51170,13.05680248843724,44,53.1,37,8.1,0,Tuesday,11
2017-11-29,55295,13.357888898936006,54.4,64,37,10.4,0,Wednesday,11
2017-11-30,51700,11.95230335267569,44.2,64,39.9,7.3,0,Thursday,11
2017-12-01,50708,12.975768452052277,50.4,54,39.9,9.3,0.02,Friday,12
2017-12-02,38923,14.491770932353628,44.2,53.1,39.9,5.5,0,Saturday,12
2017-12-03,33728,13.151542239879825,45.3,48,39.9,5.0,0,Sunday,12
2017-12-04,49630,12.860659211498422,45.5,52,39.9,5.0,0,Monday,12
2017-12-05,41792,12.433630040837166,53.8,60.1,39.9,11.4,0,Tuesday,12
2017-12-06,46335,12.197234272148485,50.1,60.1,41,11.9,0.69,Wednesday,12
2017-12-07,45367,12.206890471047235,42.7,59,39.9,13.2,0,Thursday,12
2017-12-08,41330,11.662685700459715,39.1,46,36,8.7,0,Friday,12
2017-12-09,10804,13.785826237196101,35.2,41,30.9,6.8,0,Saturday,12
2017-12-10,19815,13.854088653377069,35,39.9,30.9,10.9,0.34,Sunday,12
2017-12-11,41838,12.9890797042561,38,43,32,9.4,0,Monday,12
2017-12-12,42620,12.225013295792275,44.5,51.8,39,9.6,0,Tuesday,12
2017-12-13,32623,11.803366234456266,29.2,51.1,21.9,21.0,0,Wednesday,12
2017-12-14,27495,13.303009031945201,28.3,33.1,21.9,11.2,0.05,Thursday,12
2017-12-15,22944,11.740416521385399,25.5,33.1,23,6.5,0.02,Friday,12
2017-12-16,19060,12.256758481986706,30.9,39.9,23,12.9,0.13,Saturday,12
2017-12-17,22403,11.635068220030055,35.7,39.9,25,5.9,0,Sunday,12
2017-12-18,40168,12.76125979220607,38.4,46.9,33.1,5.7,0.02,Monday,12
2017-12-19,49503,11.826513207953729,50.2,55.9,34,10.9,0,Tuesday,12
2017-12-20,41463,14.186231097605093,47.7,55.9,39.9,14.3,0,Wednesday,12
2017-12-21,37592,11.657265286940481,37.2,53.1,34,9.2,0,Thursday,12
2017-12-22,34341,14.511359113984252,40.1,51.1,34,6.3,0,Friday,12
2017-12-23,9608,17.304975020815984,41.2,53.1,36,7.4,0.05,Saturday,12
2017-12-24,13216,13.150605326876512,40.3,53.1,37,10.1,0.49,Sunday,12
2017-12-25,6479,16.748487420898289,36.3,41,32,15.8,0.23,Monday,12
2017-12-26,14113,11.752530763598571,27,39,24.1,16.4,0.22,Tuesday,12
2017-12-27,16365,13.723589978612887,22.8,28.9,19,10.5,0,Wednesday,12
2017-12-28,13420,11.014924242424243,17.3,25,14,15.2,0,Thursday,12
2017-12-29,13759,10.915011992150594,15.5,21.9,12,12.0,0,Friday,12
2017-12-30,5956,12.390043653458697,20,23,18,7.8,0,Saturday,12
2017-12-31,6569,13.172436190186229,22,23,19.9,13.6,0.48,Sunday,12
2018-01-01,5500,20.771800000000006,12.6,21.9,8.1,15.1,0,Monday,1
2018-01-02,18818,11.343925142593971,18.4,26.1,8.1,12.3,0,Tuesday,1
2018-01-03,24299,11.210897567801146,22.6,30,14,7.5,0,Wednesday,1
2018-01-04,1922,17.328407908428716,26.1,30,17.1,17.0,0.02,Thursday,1
2018-01-05,4972,16.160857468490207,16.7,28.9,10,22.4,0,Friday,1
2018-01-06,4295,29.805723709740004,11.8,19.9,8.1,19.8,0,Saturday,1
2018-01-07,5640,12.762567966903074,10.8,18,6.1,11.7,0,Sunday,1
2018-01-08,15821,17.417178644417756,22.2,30.9,6.1,9.4,0,Monday,1
2018-01-09,25091,13.094970308078596,35.5,43,18,11.2,0,Tuesday,1
2018-01-10,28252,11.869496554816182,34.2,43,26.1,6.1,0,Wednesday,1
2018-01-11,33961,12.063514030800034,40.1,46.9,26.1,4.8,0,Thursday,1
2018-01-12,22254,13.361270632994819,47.9,60.1,35.1,9.4,0.01,Friday,1
2018-01-13,17760,11.608766891891898,41.7,60.1,25,14.4,0.79,Saturday,1
2018-01-14,12399,23.557887732881682,20,25,16,13.8,0.11,Sunday,1
2018-01-15,17637,11.038549639961449,21.6,30,15.1,12.2,0,Monday,1
2018-01-16,30278,11.388798247352316,27.9,33.1,16,6.9,0,Tuesday,1
2018-01-17,19010,10.39236366824478,33.8,36,24.1,7.9,0.05,Wednesday,1
2018-01-18,27662,11.0159912515364,26,36,19.9,12.4,0.12,Thursday,1
2018-01-19,30525,11.873586677586676,31.2,39,19.9,9.6,0,Friday,1
2018-01-20,28507,14.608504928614026,43.4,54,26.1,11.0,0,Saturday,1
2018-01-21,27908,14.16123154650996,46.1,54,37,5.3,0,Sunday,1
2018-01-22,36865,20.773647090736471,42.1,52,37.9,7.1,0,Monday,1
2018-01-23,28797,13.397511314836041,44.8,59,35.6,9.1,0.03,Tuesday,1
2018-01-24,36078,11.514989744442595,42.9,60.1,34,14.2,0.28,Wednesday,1
2018-01-25,31147,11.391361928917714,29.5,45,24.1,14.6,0,Thursday,1
2018-01-26,33073,11.978674447434463,32,39,24.1,6.6,0,Friday,1
2018-01-27,34351,22.878358708625655,42.1,57,28,7.8,0,Saturday,1
2018-01-28,20101,21.78418652471683,50.3,57,35.1,6.4,0.19,Sunday,1
2018-01-29,36799,11.981148944264794,42.8,54,39,8.8,0.08,Monday,1
2018-01-30,27996,10.918298447397248,34.2,44.1,30,11.2,0.06,Tuesday,1
2018-01-31,31276,11.032208402609033,26.2,37,19,13.0,0,Wednesday,1
2018-02-01,35561,11.316653543676129,36.9,45,19,8.1,0,Thursday,2
2018-02-02,26313,10.905258490733351,33.4,45,21.9,13.7,0.23,Friday,2
2018-02-03,18385,12.369982775813614,22.4,39,17.1,13.5,0.18,Saturday,2
2018-02-04,13959,11.171521360173843,34.8,45,17.1,8.2,0,Sunday,2
2018-02-05,29068,12.03720643548461,37.4,46.9,30,12.6,1.01,Monday,2
2018-02-06,34102,11.455167829843802,31.6,41,28,6.1,0,Tuesday,2
2018-02-07,15289,10.588302047223493,32.8,46.9,28,8.3,0,Wednesday,2
2018-02-08,31564,17.388288345372359,32.8,46.9,26.1,12.9,0.85,Thursday,2
2018-02-09,31567,11.610650362720559,30.8,36,26.1,8.2,0,Friday,2
2018-02-10,16324,15.006767132238833,42,51.1,28,5.5,0,Saturday,2
2018-02-11,8809,11.403112347220645,45.6,60.1,37.9,4.7,0.82,Sunday,2
2018-02-12,35139,18.194091560184795,48.1,63,41,11.4,0.99,Monday,2
2018-02-13,35189,11.132938797161991,33,41,27,9.9,0,Tuesday,2
2018-02-14,39591,13.461018918441056,40.5,54,27,6.8,0.01,Wednesday,2
2018-02-15,44193,12.132828351398034,51,61,36,6.8,0.13,Thursday,2
2018-02-16,29191,11.96970812921791,56.1,61,44.1,9.1,0.16,Friday,2
2018-02-17,17921,15.176228075070215,36,59,30,11.3,0.05,Saturday,2
2018-02-18,21538,17.153192806512521,37.6,45,30,8.8,0.62,Sunday,2
2018-02-19,25677,12.832399293790813,41.5,48.9,33.1,5.6,0.02,Monday,2
2018-02-20,44480,17.409540242805761,53.9,70,33.1,6.9,0.03,Tuesday,2
2018-02-21,53115,30.362447833317663,61.8,79,46.9,7.7,0,Wednesday,2
2018-02-22,27010,11.093625200543007,50.6,79,37.9,10.1,0.02,Thursday,2
2018-02-23,25634,12.696981222855063,37.8,41,37,9.1,0.11,Friday,2
2018-02-24,25550,14.260973255055449,46.7,54,36,7.4,0.07,Saturday,2
2018-02-25,16150,19.660624355005154,42.3,54,39.9,9.6,0.62,Sunday,2
2018-02-26,42570,12.379549369665648,46.1,52,39.9,6.4,0.22,Monday,2
2018-02-27,48516,14.211650452084532,47.3,57,39.9,7.5,0,Tuesday,2
2018-02-28,50709,15.028157723481037,49.5,62.1,39.9,9.2,0,Wednesday,2
2018-03-01,45564,13.900288970824921,54.5,62.1,42.1,6.0,0,Thursday,3
2018-03-02,6855,13.452285436421105,41.9,57.9,35.6,19.1,1.47,Friday,3
2018-03-03,28364,16.372609646030181,40.6,46.9,36,20.1,0.71,Saturday,3
2018-03-04,25262,13.329999604148524,41.9,46.9,37.9,16.6,0,Sunday,3
2018-03-05,36774,11.714059752361267,37.5,44.1,35.1,15.7,0,Monday,3
2018-03-06,42689,13.188295189236884,39.5,46.9,34,8.2,0,Tuesday,3
2018-03-07,8188,10.351335287412473,36.6,41,33.8,14.7,0.1,Wednesday,3
2018-03-08,28440,11.289906235349267,37.4,42.1,34,12.7,0.8,Thursday,3
2018-03-09,34912,12.983422128017109,36.8,44.1,30.9,14.0,0,Friday,3
2018-03-10,25444,14.896088141277579,37.4,44.1,30.9,14.0,0,Saturday,3
2018-03-11,27597,24.689533886533571,38.9,46,33.1,10.3,0,Sunday,3
2018-03-12,36340,13.356089708310403,38.2,46,33.1,10.5,0,Monday,3
2018-03-13,23137,11.048184005417008,37.3,43,33.1,14.1,0.21,Tuesday,3
2018-03-14,35377,11.430208421667562,36.7,42.1,32,16.3,0.05,Wednesday,3
2018-03-15,39574,21.854904314280425,38.6,48,32,15.0,0,Thursday,3
2018-03-16,34921,12.061142292603305,37.6,48,34,16.7,0,Friday,3
2018-03-17,27672,17.89375481834827,36.4,48,28.9,14.8,0,Saturday,3
2018-03-18,25158,14.375474998012558,37.4,48,28.9,11.6,0,Sunday,3
2018-03-19,39278,12.72412207003072,39.8,46.9,30,7.0,0,Monday,3
2018-03-20,35532,11.492039569965105,35.9,46.9,30.9,9.8,0,Tuesday,3
2018-03-21,3755,12.193004882379046,35.7,39.9,30.9,15.1,0,Wednesday,3
2018-03-22,27308,11.820652067770132,39.6,51.1,32,13.8,0.64,Thursday,3
2018-03-23,38528,13.433641767026579,42.7,51.1,33.1,11.0,0.01,Friday,3
2018-03-24,34398,20.730486268581519,43.3,51.1,37,10.2,0,Saturday,3
2018-03-25,25562,12.974195420285319,40.4,51.1,35.1,11.0,0,Sunday,3
2018-03-26,40295,12.767646523555445,40.4,50,34,9.1,0,Monday,3
2018-03-27,41354,12.178721526333607,39.4,50,34,5.8,0,Tuesday,3
2018-03-28,42520,12.539774223894636,43.7,52,35.1,5.5,0.04,Wednesday,3
2018-03-29,39293,16.089561754001995,49.6,53.1,39,5.2,0.03,Thursday,3
2018-03-30,34787,13.862753806498597,50.1,60.1,43,6.3,0.02,Friday,3
2018-03-31,41794,26.894350066197713,47.1,60.1,39.9,10.7,0.04,Saturday,3
2018-04-01,33149,21.496862147676659,50.4,59,39.9,11.0,0,Sunday,4
2018-04-02,22063,16.3977549139585,39.8,59,32,8.1,0.4,Monday,4
2018-04-03,25881,10.721902811586361,40.8,44.1,32,7.0,0.15,Tuesday,4
2018-04-04,36753,12.154555637181545,45.9,57,39,9.3,0.28,Wednesday,4
2018-04-05,39814,13.378084760804409,41.6,57,35.1,18.2,0.11,Thursday,4
2018-04-06,35624,13.13978684781795,44.8,62.1,35.1,10.7,0,Friday,4
2018-04-07,33245,14.377386574422223,45.7,62.1,37,10.5,0.09,Saturday,4
2018-04-08,28410,14.941405021705968,38.9,48.9,33.1,12.2,0,Sunday,4
2018-04-09,40509,11.925599249549483,38.7,48.9,33.1,10.6,0,Monday,4
2018-04-10,43051,11.534113803008836,43.2,50,33.1,7.9,0,Tuesday,4
2018-04-11,48612,12.483800981924901,44.4,52,37.9,6.9,0,Wednesday,4
2018-04-12,53168,13.598826988664859,50.6,60.1,37.9,8.1,0,Thursday,4
2018-04-13,63510,24.079607935758158,65.4,82,46,11.1,0,Friday,4
2018-04-14,62597,22.908648178027697,61.6,82,51.1,9.4,0,Saturday,4
2018-04-15,20440,12.307435583822567,44.4,69.1,39,18.4,0,Sunday,4
2018-04-16,26289,13.660212129280943,46.6,61,39,18.1,1.24,Monday,4
2018-04-17,44689,11.757871437415625,46.2,61,39.9,13.8,1.62,Tuesday,4
2018-04-18,51110,13.195589251940262,44.7,55,39,11.6,0,Wednesday,4
2018-04-19,38298,11.335561909238077,46.2,55,39,9.9,0.07,Thursday,4
2018-04-20,47052,16.000119371475531,43.2,50,37.9,16.3,0.08,Friday,4
2018-04-21,63599,23.503453146537954,48.8,62.1,37.9,10.4,0,Saturday,4
2018-04-22,54284,21.240274298135716,55.2,64.9,41,8.1,0,Sunday,4
2018-04-23,57767,16.767890548813909,53.5,64.9,45,7.8,0,Monday,4
2018-04-24,58527,14.893794601921623,54.8,66,45,7.9,0,Tuesday,4
2018-04-25,31214,17.28646280515154,56.1,66,46,10.4,0.42,Wednesday,4
2018-04-26,66077,16.637593262405979,59.6,70,50,9.9,0.29,Thursday,4
2018-04-27,39154,12.328815276429827,54.5,70,48.9,8.1,0.17,Friday,4
2018-04-28,56745,21.099569125033042,56.7,66,48.9,6.2,0.05,Saturday,4
2018-04-29,44837,18.701506568236056,54.2,66,50,10.6,0.22,Sunday,4
2018-04-30,41075,13.162267397037935,49,57.9,44.1,15.8,0.15,Monday,4
2018-05-01,72035,17.445850859535881,60.3,82,44.1,7.8,0,Tuesday,5
2018-05-02,76773,16.612234987126548,76.9,89.1,66,10.3,0,Wednesday,5
2018-05-03,69056,20.436858974358966,82.3,93,64.9,10.8,0,Thursday,5
2018-05-04,71199,17.76182647696363,75.8,93,68,5.5,0.01,Friday,5
2018-05-05,63329,24.555012974571941,70.3,84,61,11.2,0,Saturday,5
2018-05-06,48993,17.533699031834484,62.6,75.9,57,7.6,0,Sunday,5
2018-05-07,68917,17.650352839889525,62.1,75,54,5.6,0,Monday,5
2018-05-08,74313,18.978155908118378,61.8,75,54,5.9,0,Tuesday,5
2018-05-09,78458,18.083681502629862,63.5,73.9,54,4.8,0,Wednesday,5
2018-05-10,67455,16.10722481654436,59.4,73.9,54,6.5,0,Thursday,5
2018-05-11,75266,18.959467532927658,65.1,73,55.9,8.3,0.19,Friday,5
2018-05-12,34535,16.282174122870515,59.2,73,54,7.3,0.06,Saturday,5
2018-05-13,25986,17.894076297493523,53.6,64,52,7.3,0.14,Sunday,5
2018-05-14,64729,15.904303326175279,58.4,71.1,52,5.0,0.1,Monday,5
2018-05-15,52826,16.032164085866814,69.1,91.9,52,9.4,0.02,Tuesday,5
2018-05-16,32766,12.527345927689273,62.9,70,55.9,6.7,0.44,Wednesday,5
2018-05-17,49789,15.305948770478087,60.2,73.4,55,6.0,0.64,Thursday,5
2018-05-18,63113,17.442503657460964,64.9,73,55,8.9,0.02,Friday,5
2018-05-19,18026,15.370868930063985,54.4,66.9,50,10.7,0.2,Saturday,5
2018-05-20,56949,23.551470906717711,66.7,84,50,7.1,0.44,Sunday,5
2018-05-21,71220,22.679741645605169,68.9,84,55,7.6,0,Monday,5
2018-05-22,48508,13.950543896539406,64.6,79,55.9,5.0,0,Tuesday,5
2018-05-23,72655,19.200669602917902,66.2,82,55.9,5.1,0.42,Wednesday,5
2018-05-24,74810,19.328324199082122,74.5,86,57,7.6,0.21,Thursday,5
2018-05-25,69345,20.336381378133495,77.9,89.1,66,9.6,0,Friday,5
2018-05-26,51597,32.988507406761379,82.3,91.9,68,9.3,0,Saturday,5
2018-05-27,25814,23.995788461041812,68.8,91.9,59,11.2,0.12,Sunday,5
2018-05-28,49043,22.907766313915,60.2,82,55.9,8.3,0.41,Monday,5
2018-05-29,69090,17.065852511217251,72.8,87.1,55.9,6.0,0,Tuesday,5
2018-05-30,72321,16.616023238985445,69,87.1,63,7.8,0,Wednesday,5
2018-05-31,55794,13.872895532375045,64,77,60.1,7.1,0,Thursday,5
